:02000004FFE01B
:100000000A0000141F2003D50010000000000000AB
:10001000602A01000000000000001040FFFFFFFF09
:1000200008011340FFFFFFFF69000014A0FE00104D
:10003000414238D53F3000F1A00000543F2000F18C
:10004000600100543F1000F1A001005400C01ED513
:1000500000113ED5000C40B200111ED55F111ED517
:10006000800B005800E01BD50800001400C01CD510
:10007000E07F86D240111CD50400001400C018D5C2
:100080000006A0D2401018D5414238D53F3000F1CB
:10009000A00000543F2000F1C00000543F1000F1C8
:1000A0008000005420F239D500007AB220F219D530
:1000B0000E00009451000094A00038D501FC60D3DC
:1000C000005C58D300FC68D3000001AAC00000B453
:1000D0005F2003D521080058200040F9A0FFFFB49D
:1000E00000001FD6270A0094FD031EAA000038D581
:1000F00000FC44D3002C40921F1C34F160000054DB
:10010000FE031DAAC0035FD6FEFFFF17FD031EAA54
:10011000A00038D51F1C40F28101005400FC48D3D8
:100120001F1C40F22101005400FC48D31F1C40F268
:10013000C100005400FC50D31F1C40F26100005469
:10014000000500582B0A0094C0040058E104005830
:10015000390A0094A00038D501FC60D3005C58D364
:1001600000FC68D3000001AAC00000B4E0030058FE
:100170003E0A009464000010C5030058D1090094A1
:10018000FE031DAAC0035FD6C0020058330A001444
:10019000C0035FD660F30010414238D53F3000F114
:1001A000A00000543F2000F1A00000543F1000F1D7
:1001B000A000005400C01ED50400001400C01CD5CF
:1001C0000200001400C018D5C0035FD698FFFF17C7
:1001D0000084D717000000001022D1FF00000000AB
:1001E0000010FCFF000000000020FCFF00000000E9
:1001F0000100000000000000FD031EAA240B0058AF
:10020000850040F9210B00583F0005EBA102005486
:100210009F0000F9A00038D51F1C40F2E1010054F6
:1002200000FC48D31F1C40F28101005400FC48D35D
:100230001F1C40F22101005400FC50D31F1C40F24F
:10024000C100005441C03ED521007FB241C01ED53F
:10025000DF3F03D59F3F03D57F2003D5FFFFFF1767
:10026000A00038D51F1C40F28101005400FC48D387
:100270001F1C40F22101005400FC48D31F1C40F217
:10028000C100005400FC50D31F1C40F26100005418
:1002900000070058D7090094C0060058E10600582E
:1002A000E5090094A00038D501FC60D3005C58D368
:1002B00000FC68D3000001AA400100B4E00500582A
:1002C000EA090094E4040058850040F9C5FFFFB432
:1002D00005C01ED56400001045050058790900943A
:1002E000A00038D51F1C40F28103005400FC48D305
:1002F0001F1C40F22103005400FC48D31F1C40F295
:10030000C102005400FC50D31F1C40F26102005493
:10031000C1030058200040F9C2030058000002EA5F
:10032000A1000054A0030058C1030058E203005884
:10033000040000146003005801030058A203005891
:10034000030040B900100091230000B92110009172
:100350003F0002EB61FFFF54FE031DAAC0035FD6FE
:100360001822D1FF00000000E7E52812000000007D
:100370000010FCFF000000000020FCFF0000000057
:1003800001000000000000000010D1FF000000008C
:10039000000F0F0000000000F80EE1FF0000000059
:1003A0005018E1FF00000000A421E1FF0000000060
:1003B0004C18E1FF00000000FD7BBFA9FD03009188
:1003C000E201009400008052FD7BC1A8C0035FD60B
:1003D0000100805222FABFD2430440B9BF3F03D587
:1003E0001F00236AA1000054210400113F24007162
:1003F00049FFFF54C0035FD601008052F7FFFF178B
:10040000FD7BBDA9000080D2FD030091F35301A93B
:1004100034FABFD2F51300F95D140094F30300AA77
:1004200015C489D2800640B9BF3F03D520010036EC
:10043000E00313AA561400941F0015EB4801005462
:10044000200080D27414009452340094F6FFFF17F9
:1004500000008052F35341A9F51340F9FD7BC3A876
:10046000C0035FD6A00D8012FBFFFF178000009035
:1004700000D01391FD7BBFA9FD030091440C0094B3
:10048000C202009400000014BF3F03D5010082D2D5
:100490006000805201FABFF2200000B920E21BD5B3
:1004A0000000801200E21BD500008052C0035FD61E
:1004B000FD7BBEA920FABFD2FD030091F30B00F92A
:1004C000137440B9BF3F03D5F303132A604650D3DA
:1004D0001F0400F180020054A00000B41F0800F1C6
:1004E00060020054600080D20400001400008052BA
:1004F000F4030094E003002A21FABFD2217840B926
:10050000BF3F03D5733648D3217C1853211800917F
:100510000008D39AF30B40F9FD7BC2A8207C009B16
:10052000C0035FD6F2030094F3FFFF17F3030094B8
:10053000F1FFFF17FD7BBEA920FABFD2FD0300919A
:10054000F30B00F913E440B9BF3F03D5F303132ABB
:10055000604650D31F0400F180020054A00000B494
:100560001F0800F160020054600080D204000014F3
:1005700000008052D3030094E003002A21FABFD286
:1005800021E840B9BF3F03D5733648D3217C1853C7
:10059000211800910008D39AF30B40F9FD7BC2A803
:1005A000207C009BC0035FD6D1030094F3FFFF17AC
:1005B000D2030094F1FFFF17C01800B4FD7BBEA961
:1005C000FD030091F35301A9F40300AABF3F03D533
:1005D00033FABFD2E0008052603E00B989FFFF9736
:1005E000BF3F03D5E00F805260B200B985FFFF978F
:1005F000802E40B90319805281CE4039043448D34B
:1006000000741E122208C41A211800114218001189
:100610006208C21A217C021B2108C41A212400513D
:10062000211C00122124022ABF3F03D5607600B9A5
:10063000803240B9BF3F03D5607A00B9BF3F03D5D0
:10064000618E00B9803640B9BF3F03D5608600B9DE
:10065000803A40B9BF3F03D5608A00B9802A40B9CB
:10066000BF3F03D5607200B9826A40B980BE41398C
:10067000443448D342741E120108C41A00180011F1
:10068000211800116108C11A007C011B0008C41A5E
:1006900000240051001C00120024012ABF3F03D592
:1006A00062E600B9816E40B9BF3F03D561EA00B987
:1006B000BF3F03D560FE00B9807240B9BF3F03D58C
:1006C00060F600B9807640B9BF3F03D560FA00B943
:1006D000806240B9BF3F03D560DE00B9806640B993
:1006E000BF3F03D560E200B9607640B90004003234
:1006F000607600B960E640B90004003260E600B9F7
:100700000060805233FFFF97BF3F03D5E01F805248
:10071000604A00B9BF3F03D5604E00B9BF3F03D563
:10072000605200B9BF3F03D5605600B9BF3F03D543
:10073000605A00B9BF3F03D5605E00B9BF3F03D523
:10074000606200B9BF3F03D5606600B9BF3F03D503
:10075000606A00B9BF3F03D5606E00B9BF3F03D5E3
:1007600060BE00B9BF3F03D560C200B9BF3F03D52B
:1007700060C600B9BF3F03D560CA00B9BF3F03D50B
:1007800060CE00B9BF3F03D560D200B9BF3F03D5EB
:1007900060D600B9BF3F03D560DA00B9800240B926
:1007A000BF3F03D5604A00B9800640B9BF3F03D5BB
:1007B000604E00B9800A40B9BF3F03D5605200B90E
:1007C000800E40B9BF3F03D5605600B9801240B9D2
:1007D000BF3F03D5605A00B9801640B9BF3F03D56B
:1007E000605E00B9801A40B9BF3F03D5606200B9AE
:1007F000801E40B9BF3F03D5606600B9802240B972
:10080000BF3F03D5606A00B9802640B9BF3F03D51A
:10081000606E00B9804240B9BF3F03D560BE00B9E9
:10082000804640B9BF3F03D560C200B9804A40B995
:10083000BF3F03D560C600B9804E40B9BF3F03D566
:1008400060CA00B9805240B9BF3F03D560CE00B93D
:10085000805640B9BF3F03D560D200B9805A40B935
:10086000BF3F03D560D600B9805E40B9BF3F03D516
:1008700060DA00B9BF3F03D57F3E00B9E1FEFF97C4
:10088000BF3F03D57FB200B9DEFEFF97600240B9DB
:10089000BF3F03D500781F12BF3F03D5600200B9E8
:1008A000D8FEFF97BF3F03D500008012603200B929
:1008B000BF3F03D560A600B9BF3F03D5800180527A
:1008C000601600B9F35341A9FD7BC2A8C0035FD6EF
:1008D000C0035FD6FD7BBEA9FD030091F30B00F9B9
:1008E00033FABFD2604A40B9BF3F03D5004850D366
:1008F0001F1000F1C80100541F100071880100543E
:10090000610000F0215027912048603861000010FC
:100910002088208B00001FD6E6FEFF97618640B935
:10092000BF3F03D5211C40920008C19A21FABFD2D3
:10093000214840B9BF3F03D521284092F30B40F92D
:1009400021040091FD7BC2A80008C19AC0035FD6B4
:10095000F9FEFF9761F640B9BF3F03D521284092C9
:10096000F2FFFF1700008052D6020094E003002A35
:10097000EFFFFF17DE020094FDFFFF17DF02009478
:10098000FBFFFF17FD7BBEA9FD030091F30B00F9F0
:1009900033FABFD2604E40B9BF3F03D5004850D3B1
:1009A0001F10007188010054610000F02110279190
:1009B00020486038610000102088208B00001FD67E
:1009C000BCFEFF97618A40B9BF3F03D5211C0012CE
:1009D0000008C11A21FABFD2214C40B9BF3F03D54C
:1009E00021280012F30B40F921040011FD7BC2A85D
:1009F0000008C11AC0035FD6CFFEFF9761FA40B965
:100A0000BF3F03D521280012F2FFFF1700008052DC
:100A1000AC020094F0FFFF17B5020094EEFFFF1741
:100A2000B6020094ECFFFF1720FABFD200CC40B909
:100A3000BF3F03D5004850D31F100071C8030054B6
:100A4000FD7BBFA9610000F021302791FD030091DB
:100A500020486038610000102088208B00001FD6DD
:100A6000C9FFFF9721FABFD2216040B9BF3F03D52C
:100A700021280012210400110008C11A007C025331
:100A8000FD7BC1A8C0035FD6BFFFFF9721FABFD28D
:100A900021CC40B9F6FFFF17000080528902009474
:100AA000F7FFFF1792020094F5FFFF1793020094DF
:100AB000F3FFFF17007C0253C0035FD6FD7BBFA985
:100AC000FD030091B0FFFF9721FABFD2217040B91A
:100AD000BF3F03D5226850D321008052FD7BC1A8BF
:100AE0002120C21A0008C11AC0035FD6000084D2B8
:100AF00020FABFF2000042B9BF3F03D5C0035FD662
:100B0000FD7BBFA9FD0300919FFFFF9721FABFD294
:100B1000217040B9BF3F03D5222800122100805226
:100B2000FD7BC1A82120C21A0008C11AC0035FD6EC
:100B3000FD7BBFA9FD03009193FFFF97007C02534B
:100B4000FD7BC1A8C0035FD6FD7BBEA9FD0300915C
:100B5000F30B00F9137D80D25FFFFF970108D39A52
:100B6000600000F000B83D911C14009486FFFF97D0
:100B70000108D31A600000F000083E911714009499
:100B80004CFEFF970108D39A600000F000583E9198
:100B90001214009468FEFF970108D39A600000F0D9
:100BA00000A83E910D14009400008052450200946C
:100BB0000108D31A600000F000F83E910714009479
:100BC0009AFFFF970108D31A600000F000483F9198
:100BD00002140094BAFFFF970108D31AF30B40F9EF
:100BE000FD7BC2A8600000F000983F91FB13001449
:100BF000001C0012421C0012A51C0072800300544D
:100C000062F4BFD24B2C40B9BF3F03D56B01181221
:100C1000BF3F03D5410800B9BF3F03D5018080D253
:100C2000049080D261F4BFF22200805264F4BFF2DB
:100C300063F4BFD2220000B9810040B9BF3F03D5A1
:100C4000C1FFFF34BF3F03D59F0000B9E506003464
:100C5000602C40B9BF3F03D5000018121F000B6B7A
:100C6000A00B005400008052C0035FD6680400113E
:100C70001F810071880A00543FFC1F71480A00540C
:100C80005F000071622814534100012A020C0853CE
:100C9000EC079F1A0800B6526AF4BFD24200082A35
:100CA0002100022A2C2C0C2A480140B9BF3F03D551
:100CB00008110012422140B9BF3F03D501050011C0
:100CC00042100012211000125F00016B0008005456
:100CD000427C00114200084B421000127F00026B60
:100CE00068070054BF3F03D508410091020080D23D
:100CF0004C7928B87F00026B88000054BF3F03D5B1
:100D0000410100B9C5FFFF178C7862B8BF3F03D51A
:100D10002804001121400091420400914C7921B82F
:100D200001110012F4FFFF17610440B9BF3F03D562
:100D3000622440B9BF3F03D53F00026BE0F7FF5488
:100D4000E203012A42C00091627862B8BF3F03D536
:100D500021040011210C0012BF3F03D5610400B92A
:100D6000487C1C531F2D007181F6FF54486C58D3EA
:100D70001F01006B21F6FF544028007261F7FF54F9
:100D8000E60100B4C00040B9DF0000B942584CD3BE
:100D900063F4BFD282F6FF3404008092652440B928
:100DA000BF3F03D5BF00016BA1010054840400F1D3
:100DB00061FFFF54A00D8012ACFFFF1700008052AE
:100DC000F3FFFF17A0028012A8FFFF176001801237
:100DD000A6FFFF17A0088012A4FFFF17E403012A53
:100DE00084C00091647864B8BF3F03D5210400112A
:100DF00042040051210C0012BF3F03D5610400B929
:100E0000A0FCFF34C50040B900040051E47825B8C7
:100E1000C40040B984040011C40000B9DEFFFF170C
:100E2000FD7BBFA9FD030091BF3F03D56DF4BFD289
:100E30006E208052AE0D00B9BF3F03D5BF0900B987
:100E4000BF3F03D5009080D22500805260F4BFF2EE
:100E5000070080D2060080D2040080D21F0000B9B3
:100E6000030080520200805241008052E003052AB4
:100E700060FFFF9760000035BF3F03D5AE0D00B99E
:100E8000FD7BC1A8C0035FD6070080D2060080D2D8
:100E900005008052040080D203008052020080527C
:100EA000610680522000805252FFFF17FD7BBDA9D2
:100EB000070080D2060080D205008052FD03009119
:100EC000F30B00F9040080D203008052020080522C
:100ED000410680522000805246FFFF97E002003515
:100EE00020008052A7A30091A6B300910500805274
:100EF000040080D2030080520200805261078052B9
:100F0000A02F00B93BFFFF97F303002AA003003591
:100F1000A12B40B98000009000100B912F1300947A
:100F2000A12B40B9BF3F03D5000084D220FABFF205
:100F3000010002B90F000014D4FFFF97F303002A49
:100F400080010035070080D2060080D20500805263
:100F5000040080D203008052020080524106805279
:100F60002000805223FFFF97F303002AA0FBFF34E9
:100F7000E003132AF30B40F9FD7BC3A8C0035FD63F
:100F8000C2FFFF97FBFFFF17FD7BBFA9070080D2C1
:100F9000060080D205008052FD030091040080D23B
:100FA0000300805202008052E108805220008052EB
:100FB00010FFFF974000003400000014FD7BC1A823
:100FC000C0035FD6FD7BBEA923008052070080D2FC
:100FD000060080D2FD030091A48300910500805299
:100FE00002008052A10B805280CC1FB8E003032A7C
:100FF00000FFFF97FD7BC2A8C0035FD65F080071AA
:1010000001020054FD7BBFA9FD030091600440F97B
:10101000000040391F900171000100541F940171BC
:1010200041010054200080522500009400008052AD
:10103000FD7BC1A8C0035FD600008052FBFFFF17F5
:1010400000008012C0035FD600008012F9FFFF1776
:10105000022848D362010035020482D20310001234
:101060002000805222FABFF20020C31A210200346D
:10107000410040B90000012A400000B9C0035FD61A
:101080005F04007161000054820482D2F4FFFF17F4
:101090005F08007161000054020582D2F0FFFF1763
:1010A0005F0C0071C1FEFF54820582D2ECFFFF1776
:1010B000410040B92000200AF0FFFF17010084D250
:1010C0000200801221FABFF26001003420C840B94A
:1010D00022C800B9000082D220FABFF2022C40B927
:1010E0001F2C00B920D040B9BF3F03D5C0FFFF354A
:1010F000C0035FD6BF3F03D522C400B9BF3F03D5AD
:101100002000805220C000B920D040B9BF3F03D595
:101110001F440071A1FFFF54010084D221FABFF2E5
:1011200020D440B9BF3F03D51F440071A1FFFF5435
:10113000020082D28308801222FABFF2402C40B90A
:101140000000032A402C00B9BF3F03D53FC000B9BF
:10115000E8FFFF17000082D220FABFF2000040B97A
:10116000BF3F03D5002C1812006C1012C0035FD6CD
:10117000010084D221FABFF2202053B9BF3F03D52A
:101180001F040071225453B9E0179F1A006C1C53BE
:10119000BF3F03D55F0400714100005400001832C6
:1011A000212853B9BF3F03D53F04007141000054CB
:1011B00000001032010084D221FABFF2222C53B970
:1011C000BF3F03D55F0400714100005400000832A6
:1011D000BF3F03D5206C00B9200053B9BF3F03D5F2
:1011E0001F040071210453B9E0179F1ABF3F03D5B4
:1011F0003F0400714100005400001832010084D205
:1012000021FABFF2220853B9BF3F03D55F04007132
:101210004100005400001032BF3F03D5207000B9D8
:10122000C0035FD6FD7BBEA9FD030091A0630091C2
:10123000A153009170000094020086D200008052F9
:1012400022FABFF2A11740B93F00006BC803005457
:10125000A0630091A15300916C000094022686D2F5
:101260000000805222FABFF2A11740B93F00006B84
:10127000C8030054A0630091A1530091680000943A
:10128000026086D20000805222FABFF2A11740B954
:101290003F00006BC8030054A0630091A15300916C
:1012A00064000094028086D20000805222FABFF2CD
:1012B000A11740B93F00006BC8030054FD7BC2A8D2
:1012C000C0035FD603040011A10F40F9237863B86F
:1012D000BF3F03D5A10F40F9215860B800080011A5
:1012E000236822B8D8FFFF1703040011A10F40F9AB
:1012F000237863B8BF3F03D5A10F40F9215860B8E8
:1013000000080011236822B8D8FFFF17030400115A
:10131000A10F40F9237863B8BF3F03D5A10F40F96F
:10132000215860B800080011236822B8D8FFFF17C1
:1013300003040011A10F40F9237863B8BF3F03D520
:10134000A10F40F9215860B800080011236822B8A5
:10135000D8FFFF17FD7BBFA9FD030091B2FFFF97E8
:10136000FD7BC1A883FFFF17FD7BBFA9FD03009193
:10137000030440B9BF3F03D56308C05A634000511E
:10138000637C025367741E53E448009184707C921E
:10139000FF6324CB04029ED264FCBFF2850040B9F7
:1013A000BF3F03D504AA8952A40AAB72BF00046BE5
:1013B000C1010054E6030091040080D20040009176
:1013C00006000014056864B8BF3F03D5A508C05ADD
:1013D000C56824B884100091FF0004EB41FFFF545E
:1013E000260000F9430000B9BF030091FD7BC1A8AE
:1013F000C0035FD6E20301AAE10300AA00029ED265
:1014000060FCBFF2D9FFFF17E20301AAE10300AAC3
:1014100000349ED260FCBFF2D4FFFF17E20301AAA2
:10142000E10300AA00669ED260FCBFF2CFFFFF1767
:10143000E20301AAE10300AA007E9ED260FCBFF293
:10144000CAFFFF1700B09ED260FCBFF2010040B996
:10145000BF3F03D5626A89522108C05A8269A872C7
:101460003F00026B21020054010040B9BF3F03D589
:101470002108C05ABF3F03D502C29ED2010000B965
:101480000040009162FCBFF2010040B92108C05A3F
:10149000014400B81F0002EB81FFFF5400B29ED24E
:1014A00060FCBFF2C0035FD6000040B9BF3F03D568
:1014B0001F00026B40FFFF54000080D2FAFFFF17AD
:1014C00000C19ED260FCBFF2010040B9BF3F03D50E
:1014D000BF3F03D5000084D220FABFF2010402B955
:1014E000000442B9BF3F03D5C0035FD600608152FC
:1014F000606DA372C0035FD680C19ED260FCBFF254
:10150000010040B9BF3F03D5BF3F03D5000084D2DF
:1015100020FABFF2010802B9000842B9BF3F03D563
:10152000C0035FD6BF3F03D5008082D22100805226
:1015300040FABFF22120A072E57F8052010000B97D
:10154000600000D000200791076003911F0007EBA7
:1015500061030054000084D20240A15220FABFF27D
:10156000014440B92100022A014400B9014840B9B0
:101570002100022A014800B9014C40B92100022A89
:10158000014C00B94204A052013440B92100022AA2
:10159000013400B9012C40B921001B32012C00B9E3
:1015A000013840B921001732013800B9013C40B977
:1015B00021001732013C00B9C0035FD60404412961
:1015C000061040B9038441F8A220C11AAA20C61A05
:1015D00042000A2A680040B98120C11A8420C61A34
:1015E0002100042A0201220A620000B9620040B907
:1015F0002100022A610000B9D5FFFF1720008052A8
:10160000C0035FD640008052C0035FD6FD7BBDA9FA
:10161000FD030091F35301A9F55B02A98AFFFF972F
:10162000F30300AABF3F03D5160084D2E0CF0032F7
:1016300036FABFF221008052C00A00B90040805241
:1016400084FEFF97010080520040805281FEFF9788
:10165000DB2F0094BF3F03D5004284D201008052AB
:1016600020FABFF21F0000F98040805279FEFF97F8
:1016700086FBFF9738FFFF97E00313AACFFBFF9786
:10168000010080520042805272FEFF97BF3F03D597
:10169000140082D23300805254FABFF23320A07279
:1016A000936E00B93906009428FDFF97BF3F03D51C
:1016B00020E0BF52C02200B9BF3F03D51500801201
:1016C000D52600B9010080520022805261FEFF97AA
:1016D00001008052A02280525EFEFF97BF3F03D5DB
:1016E000930200B9BF3F03D5930600B9BF3F03D5AE
:1016F000930E00B9BF3F03D5931200B9BF3F03D586
:10170000931E00B9BF3F03D5932200B9BF3F03D555
:10171000932E00B9BF3F03D5933200B9BF3F03D525
:10172000933600B9BF3F03D5934200B9BF3F03D5FD
:10173000002082D240FABFF2134000B9BF3F03D568
:10174000934600B9BF3F03D5934A00B9BF3F03D5C5
:10175000935200B9BF3F03D5935600B9BF3F03D59D
:10176000935A00B9BF3F03D5935E00B9BF3F03D57D
:10177000936200B9BF3F03D5936600B9BF3F03D55D
:10178000936A00B9BF3F03D5134C00B9BF3F03D5DF
:10179000135800B9BF3F03D5135C00B9BF3F03D551
:1017A000133800B9BF3F03D5130C00B9BF3F03D5B1
:1017B000131000B9BF3F03D5131400B9BF3F03D5C1
:1017C000131800B9BF3F03D5131C00B9BF3F03D5A1
:1017D000132000B9BF3F03D5130800B9BF3F03D59D
:1017E000132C00B9BF3F03D5134400B9BF3F03D545
:1017F000134800B9BF3F03D5135400B9BF3F03D509
:10180000136800B9BF3F03D5136C00B9BF3F03D5C0
:10181000137000B9BF3F03D5137400B901008052A3
:10182000E02180520BFEFF9701008052E0208052A1
:1018300008FEFF97010080526020805205FEFF974E
:10184000010080528020805202FEFF9701008052EA
:1018500060218052FFFDFF9701008052802180525D
:10186000FCFDFF970100805240228052F9FDFF9756
:10187000BF3F03D5004082D240FABFF2150000B945
:10188000BF3F03D5150001B927FFFF9701D188D2CB
:1018900001E0BEF2200040B900741E12200000B921
:1018A00001C590D221E0BEF2200040B900741E12A2
:1018B000200000B90100805220418052E5FDFF97D1
:1018C0000100805200438052E2FDFF9701008052E8
:1018D00020438052DFFDFF9701008052202280527A
:1018E000DCFDFF970100805240228052D9FDFF9716
:1018F000600000D0008830912507009400008052DD
:101900005A2B0094A0000034600000D000303191C8
:101910001F070094740E0094F30312AA3E2B009448
:10192000603200F9600000D000A43191413240F9EA
:1019300021CC54D3A9100094600000D000D831917C
:1019400013070094413240F9000080D24F0A0094FE
:10195000413240F91F0001EB80000054600000D0CC
:1019600000703291EBFFFF17600000D000EC329165
:10197000070700942BFDFF97F35341A9F55B42A99C
:10198000FD7BC3A84AFDFF17200080528EFDFF1784
:101990000000000000000000000000000000000047
:1019A0000000000000000000000000000000000037
:1019B0000000000000000000000000000000000027
:1019C0000000000000000000000000000000000017
:1019D0000000000000000000000000000000000007
:1019E00000000000000000000000000000000000F7
:1019F00000000000000000000000000000000000E7
:101A000000000000000000000000000000000000D6
:101A100000000000000000000000000000000000C6
:101A200000000000000000000000000000000000B6
:101A300000000000000000000000000000000000A6
:101A40000000000000000000000000000000000096
:101A50000000000000000000000000000000000086
:101A60000000000000000000000000000000000076
:101A70000000000000000000000000000000000066
:101A80000000000000000000000000000000000056
:101A90000000000000000000000000000000000046
:101AA0000000000000000000000000000000000036
:101AB0000000000000000000000000000000000026
:101AC0000000000000000000000000000000000016
:101AD0000000000000000000000000000000000006
:101AE00000000000000000000000000000000000F6
:101AF00000000000000000000000000000000000E6
:101B000000000000000000000000000000000000D5
:101B100000000000000000000000000000000000C5
:101B200000000000000000000000000000000000B5
:101B300000000000000000000000000000000000A5
:101B40000000000000000000000000000000000095
:101B50000000000000000000000000000000000085
:101B60000000000000000000000000000000000075
:101B70000000000000000000000000000000000065
:101B80000000000000000000000000000000000055
:101B90000000000000000000000000000000000045
:101BA0000000000000000000000000000000000035
:101BB0000000000000000000000000000000000025
:101BC0000000000000000000000000000000000015
:101BD0000000000000000000000000000000000005
:101BE00000000000000000000000000000000000F5
:101BF00000000000000000000000000000000000E5
:101C000000000000000000000000000000000000D4
:101C100000000000000000000000000000000000C4
:101C200000000000000000000000000000000000B4
:101C300000000000000000000000000000000000A4
:101C40000000000000000000000000000000000094
:101C50000000000000000000000000000000000084
:101C60000000000000000000000000000000000074
:101C70000000000000000000000000000000000064
:101C80000000000000000000000000000000000054
:101C90000000000000000000000000000000000044
:101CA0000000000000000000000000000000000034
:101CB0000000000000000000000000000000000024
:101CC0000000000000000000000000000000000014
:101CD0000000000000000000000000000000000004
:101CE00000000000000000000000000000000000F4
:101CF00000000000000000000000000000000000E4
:101D000000000000000000000000000000000000D3
:101D100000000000000000000000000000000000C3
:101D200000000000000000000000000000000000B3
:101D300000000000000000000000000000000000A3
:101D40000000000000000000000000000000000093
:101D50000000000000000000000000000000000083
:101D60000000000000000000000000000000000073
:101D70000000000000000000000000000000000063
:101D80000000000000000000000000000000000053
:101D90000000000000000000000000000000000043
:101DA0000000000000000000000000000000000033
:101DB0000000000000000000000000000000000023
:101DC0000000000000000000000000000000000013
:101DD0000000000000000000000000000000000003
:101DE00000000000000000000000000000000000F3
:101DF00000000000000000000000000000000000E3
:101E000000000000000000000000000000000000D2
:101E100000000000000000000000000000000000C2
:101E200000000000000000000000000000000000B2
:101E300000000000000000000000000000000000A2
:101E40000000000000000000000000000000000092
:101E50000000000000000000000000000000000082
:101E60000000000000000000000000000000000072
:101E70000000000000000000000000000000000062
:101E80000000000000000000000000000000000052
:101E90000000000000000000000000000000000042
:101EA0000000000000000000000000000000000032
:101EB0000000000000000000000000000000000022
:101EC0000000000000000000000000000000000012
:101ED0000000000000000000000000000000000002
:101EE00000000000000000000000000000000000F2
:101EF00000000000000000000000000000000000E2
:101F000000000000000000000000000000000000D1
:101F100000000000000000000000000000000000C1
:101F200000000000000000000000000000000000B1
:101F300000000000000000000000000000000000A1
:101F40000000000000000000000000000000000091
:101F50000000000000000000000000000000000081
:101F60000000000000000000000000000000000071
:101F70000000000000000000000000000000000061
:101F80000000000000000000000000000000000051
:101F90000000000000000000000000000000000041
:101FA0000000000000000000000000000000000031
:101FB0000000000000000000000000000000000021
:101FC0000000000000000000000000000000000011
:101FD0000000000000000000000000000000000001
:101FE00000000000000000000000000000000000F1
:101FF00000000000000000000000000000000000E1
:10200000E10000141F2003D51F2003D51F2003D596
:102010001F2003D51F2003D51F2003D51F2003D564
:102020001F2003D51F2003D51F2003D51F2003D554
:102030001F2003D51F2003D51F2003D51F2003D544
:102040001F2003D51F2003D51F2003D51F2003D534
:102050001F2003D51F2003D51F2003D51F2003D524
:102060001F2003D51F2003D51F2003D51F2003D514
:102070001F2003D51F2003D51F2003D51F2003D504
:10208000E30000141F2003D51F2003D51F2003D514
:102090001F2003D51F2003D51F2003D51F2003D5E4
:1020A0001F2003D51F2003D51F2003D51F2003D5D4
:1020B0001F2003D51F2003D51F2003D51F2003D5C4
:1020C0001F2003D51F2003D51F2003D51F2003D5B4
:1020D0001F2003D51F2003D51F2003D51F2003D5A4
:1020E0001F2003D51F2003D51F2003D51F2003D594
:1020F0001F2003D51F2003D51F2003D51F2003D584
:10210000E50000141F2003D51F2003D51F2003D591
:102110001F2003D51F2003D51F2003D51F2003D563
:102120001F2003D51F2003D51F2003D51F2003D553
:102130001F2003D51F2003D51F2003D51F2003D543
:102140001F2003D51F2003D51F2003D51F2003D533
:102150001F2003D51F2003D51F2003D51F2003D523
:102160001F2003D51F2003D51F2003D51F2003D513
:102170001F2003D51F2003D51F2003D51F2003D503
:10218000E70000141F2003D51F2003D51F2003D50F
:102190001F2003D51F2003D51F2003D51F2003D5E3
:1021A0001F2003D51F2003D51F2003D51F2003D5D3
:1021B0001F2003D51F2003D51F2003D51F2003D5C3
:1021C0001F2003D51F2003D51F2003D51F2003D5B3
:1021D0001F2003D51F2003D51F2003D51F2003D5A3
:1021E0001F2003D51F2003D51F2003D51F2003D593
:1021F0001F2003D51F2003D51F2003D51F2003D583
:10220000E90000141F2003D51F2003D51F2003D58C
:102210001F2003D51F2003D51F2003D51F2003D562
:102220001F2003D51F2003D51F2003D51F2003D552
:102230001F2003D51F2003D51F2003D51F2003D542
:102240001F2003D51F2003D51F2003D51F2003D532
:102250001F2003D51F2003D51F2003D51F2003D522
:102260001F2003D51F2003D51F2003D51F2003D512
:102270001F2003D51F2003D51F2003D51F2003D502
:10228000EB0000141F2003D51F2003D51F2003D50A
:102290001F2003D51F2003D51F2003D51F2003D5E2
:1022A0001F2003D51F2003D51F2003D51F2003D5D2
:1022B0001F2003D51F2003D51F2003D51F2003D5C2
:1022C0001F2003D51F2003D51F2003D51F2003D5B2
:1022D0001F2003D51F2003D51F2003D51F2003D5A2
:1022E0001F2003D51F2003D51F2003D51F2003D592
:1022F0001F2003D51F2003D51F2003D51F2003D582
:10230000ED0000141F2003D51F2003D51F2003D587
:102310001F2003D51F2003D51F2003D51F2003D561
:102320001F2003D51F2003D51F2003D51F2003D551
:102330001F2003D51F2003D51F2003D51F2003D541
:102340001F2003D51F2003D51F2003D51F2003D531
:102350001F2003D51F2003D51F2003D51F2003D521
:102360001F2003D51F2003D51F2003D51F2003D511
:102370001F2003D51F2003D51F2003D51F2003D501
:10238000EF000014FD7BBFA9FB73BFA9F96BBFA9C8
:10239000F763BFA9F55BBFA9F353BFA9F14BBFA971
:1023A000EF43BFA9ED3BBFA9EB33BFA9E92BBFA901
:1023B000E723BFA9E51BBFA9E313BFA9E10BBFA991
:1023C0004B4238D57F3100F1A00000547F2100F14D
:1023D000C00000547F1100F1E000005401523ED5CE
:1023E00022403ED50600001401523CD522403CD587
:1023F00003000014015238D5224038D5E203BFA9AA
:10240000E0030091C3010094EF000014FD7BBFA91D
:10241000FB73BFA9F96BBFA9F763BFA9F55BBFA9A0
:10242000F353BFA9F14BBFA9EF43BFA9ED3BBFA930
:10243000EB33BFA9E92BBFA9E723BFA9E51BBFA9C0
:10244000E313BFA9E10BBFA94B4238D57F3100F19F
:10245000A00000547F2100F1C00000547F1100F162
:10246000E000005401523ED522403ED50600001443
:1024700001523CD522403CD503000014015238D50E
:10248000224038D5E203BFA9E0030091AD010094DA
:10249000CD000014FD7BBFA9FB73BFA9F96BBFA9D9
:1024A000F763BFA9F55BBFA9F353BFA9F14BBFA960
:1024B000EF43BFA9ED3BBFA9EB33BFA9E92BBFA9F0
:1024C000E723BFA9E51BBFA9E313BFA9E10BBFA980
:1024D0004B4238D57F3100F1A00000547F2100F13C
:1024E000C00000547F1100F1E000005401523ED5BD
:1024F00022403ED50600001401523CD522403CD576
:1025000003000014015238D5224038D5E203BFA998
:10251000E003009197010094AB000014FD7BBFA97C
:10252000FB73BFA9F96BBFA9F763BFA9F55BBFA98F
:10253000F353BFA9F14BBFA9EF43BFA9ED3BBFA91F
:10254000EB33BFA9E92BBFA9E723BFA9E51BBFA9AF
:10255000E313BFA9E10BBFA94B4238D57F3100F18E
:10256000A00000547F2100F1C00000547F1100F151
:10257000E000005401523ED522403ED50600001432
:1025800001523CD522403CD503000014015238D5FD
:10259000224038D5E203BFA9E003009181010094F5
:1025A00089000014FD7BBFA9FB73BFA9F96BBFA90C
:1025B000F763BFA9F55BBFA9F353BFA9F14BBFA94F
:1025C000EF43BFA9ED3BBFA9EB33BFA9E92BBFA9DF
:1025D000E723BFA9E51BBFA9E313BFA9E10BBFA96F
:1025E0004B4238D57F3100F1A00000547F2100F12B
:1025F000C00000547F1100F1E000005401523ED5AC
:1026000022403ED50600001401523CD522403CD564
:1026100003000014015238D5224038D5E203BFA987
:10262000E00300916B01009467000014FD7BBFA9DB
:10263000FB73BFA9F96BBFA9F763BFA9F55BBFA97E
:10264000F353BFA9F14BBFA9EF43BFA9ED3BBFA90E
:10265000EB33BFA9E92BBFA9E723BFA9E51BBFA99E
:10266000E313BFA9E10BBFA94B4238D57F3100F17D
:10267000A00000547F2100F1C00000547F1100F140
:10268000E000005401523ED522403ED50600001421
:1026900001523CD522403CD503000014015238D5EC
:1026A000224038D5E203BFA9E00300915501009410
:1026B00045000014FD7BBFA9FB73BFA9F96BBFA93F
:1026C000F763BFA9F55BBFA9F353BFA9F14BBFA93E
:1026D000EF43BFA9ED3BBFA9EB33BFA9E92BBFA9CE
:1026E000E723BFA9E51BBFA9E313BFA9E10BBFA95E
:1026F0004B4238D57F3100F1A00000547F2100F11A
:10270000C00000547F1100F1E000005401523ED59A
:1027100022403ED50600001401523CD522403CD553
:1027200003000014015238D5224038D5E203BFA976
:10273000E00300913F01009423000014FD7BBFA93A
:10274000FB73BFA9F96BBFA9F763BFA9F55BBFA96D
:10275000F353BFA9F14BBFA9EF43BFA9ED3BBFA9FD
:10276000EB33BFA9E92BBFA9E723BFA9E51BBFA98D
:10277000E313BFA9E10BBFA94B4238D57F3100F16C
:10278000A00000547F2100F1C00000547F1100F12F
:10279000E000005401523ED522403ED50600001410
:1027A00001523CD522403CD503000014015238D5DB
:1027B000224038D5E203BFA9E0030091290100942B
:1027C00001000014E203C1A84B4238D57F3100F16B
:1027D000A00000547F2100F1A00000547F1100F1FF
:1027E000A000005422401ED50400001422401CD535
:1027F00002000014224018D5E10BC1A8E313C1A8C0
:10280000E51BC1A8E723C1A8E92BC1A8EB33C1A8E8
:10281000ED3BC1A8EF43C1A8F14BC1A8F353C1A838
:10282000F55BC1A8F763C1A8F96BC1A8FB73C1A888
:10283000FD7BC1A8E0039FD600E03BD5C0035FD677
:10284000DF3F03D520E03BD5402601B9C0035FD66A
:102850000F0000140100001423003BD563FC50D38B
:10286000630C4092820080D24220C39A430400D17C
:102870000000238A207E0BD50000028B1F0001EB95
:10288000A3FFFF549F3F03D5C0035FD623003BD572
:10289000634C50D3820080D24220C39A430400D1BB
:1028A0000000238A207608D50000028B1F0001EB70
:1028B000A3FFFF549F3F03D5C0035FD60000000075
:1028C000464238D5DF3000F120010054DF2000F10E
:1028D00060000054DF1000F120000054BF0400F13C
:1028E000400000542500009480001FD65F111ED5C3
:1028F000E67F86D246111CD57FE01CD5A602005883
:1029000006101CD5E603009106411ED506C03ED533
:1029100006C01CD5BF0000F100010054E6010058BC
:10292000C6007DB206111ED5C601005806401ED550
:1029300024401ED5E0039FD68601005806111ED5FF
:102940008601005806401ED524401ED5E0039FD6C0
:102950003008C53000000000310500000000000014
:10296000C903000000000000B101000000000000E9
:10297000DA01000000000000C0035FD60000000084
:10298000C00200581FEC7C92E0030091A402009466
:102990001F000091F20300AAA5020094000080D25B
:1029A0001BFBFF9785010094E10300911F0000F1DC
:1029B0000010819A1F0000914001005861010058E9
:1029C0001F8400F81F0001EBC3FFFF54E00312AAAD
:1029D000412E40F9170100140000E4FF0000000040
:1029E0000000F03F000000000801F33F000000007D
:1029F00069008052090000B9090440B92A11001287
:102A00008A0100340B00029109008012694500B868
:102A1000694500B84A050051CAFFFF352103005837
:102A200060008052200000B900108052200400B9DC
:102A3000C0035FD609008012098000B929008052C6
:102A4000090001B9E93C8052290000B909108052FF
:102A5000290400B9C0035FD6090090520920A07272
:102A600009000FB9C0035FD67F2003D5092040B904
:102A7000092400B92925001289FFFF35C0035FD65C
:102A80000020FCFF0000000000008052C0035FD661
:102A9000FD7BBDA9FD030091F35301A9F30300AA37
:102AA000600000D000B4199173220091140080528C
:102AB00061825FF8F51300F9750000D0B5261A9110
:102AC000460C0094617A40F9600000D000EC199146
:102AD000420C0094640640F983060011620641F836
:102AE000E103142AE00315AA940A00113B0C009498
:102AF0009F7A007101FFFF54F35341A9600000D099
:102B0000F51340F900800591FD7BC3A8330C001438
:102B1000FD7BBEA9FD030091F30B00F9F30300AAAE
:102B2000600000D000BC02912C0C0094E00313AABA
:102B3000D8FFFF97600000D000900391A00C009494
:102B4000FD7BBEA9FD030091F30B00F9F30300AA7E
:102B5000600000D000200291200C0094E00313AA32
:102B6000CCFFFF97600000D000900391940C00947C
:102B7000FD7BBEA9FD030091F30B00F9F30300AA4E
:102B8000600000D000840191140C0094E00313AAAB
:102B9000C0FFFF97600000D000900391880C009464
:102BA000FD7BBEA9FD030091F30B00F9F30300AA1E
:102BB000600000D000E00091080C0094E00313AA2C
:102BC000B4FFFF97600000D0009003917C0C00944C
:102BD000FD7BBEA9FD030091F30B00F9F30300AAEE
:102BE000600000D000EC0291FC0B0094E00313AAFB
:102BF000A8FFFF97600000D000900391700C009434
:102C0000FD7BBEA9FD030091F30B00F9F30300AABD
:102C1000600000D000500291F00B0094E00313AA72
:102C20009CFFFF97600000D000900391640C00941B
:102C3000FD7BBEA9FD030091F30B00F9F30300AA8D
:102C4000600000D000B40191E40B0094E00313AAEB
:102C500090FFFF97600000D000900391580C009403
:102C6000FD7BBEA9FD030091F30B00F9F30300AA5D
:102C7000600000D000100191D80B0094E00313AA6B
:102C800084FFFF97600000D0009003914C0C0094EB
:102C9000C0035FD6FD7BBFA9600000D000E40591B2
:102CA000FD0300913A020094006A98D25A0A0094F7
:102CB00076FFFF97F7FFFF97000080D2ECF5FF97B4
:102CC00000008052FD7BC1A8C0035FD6C0035FD661
:102CD000FD7BBFA9010084D240148052FD03009106
:102CE000418200F95F8600F9F9FFFF977A090094A5
:102CF00080000035FD7BC1A820008052AA1000147E
:102D0000FD7BC1A8C0035FD6010084526100A072A0
:102D1000012000B9010082D2010401A921028052E0
:102D200001200039610000D021582991010000F9EB
:102D3000C0035FD6240040B9E3A4805223C3AA7223
:102D40009F00036BE1020054E20300AA23804129A3
:102D5000442440B96308C05A0008C05A84010036B0
:102D6000400800F9201440B90008C05A400C00F98E
:102D7000432000B92180009120C05F38410000F954
:102D80004020003900008052C0035FD6400C00F99B
:102D900063000111000001D1400800F9F5FFFF17A1
:102DA000FD7BBFA9FD030091D8FFFF970000805273
:102DB000FD7BC1A8C0035FD6FD7BBFA9FD030091C9
:102DC000000C40F900003FD6400640F9C0007036C4
:102DD000400640F9000076B2400600F9000080523B
:102DE000C0035FD6FD7BBFA9FD030091B9FFFF972C
:102DF000A0000035400640F9000076B2400600F918
:102E000000008052FD7BC1A8C0035FD6FD7BBEA938
:102E1000FD030091F30B00F9F30300AAF8F9FF9703
:102E2000600200B9F30B40F9FD7BC2A8C0035FD676
:102E3000FD7BB5A9820280D2610000B021C026913D
:102E4000FD030091F76303A9B7A30191F35301A90F
:102E5000E00317AAF55B02A9F96B04A9980900948D
:102E6000600000D000E03B91400200F9010AA0D2CE
:102E700000F4A7D2EF010094410640F9210077B297
:102E8000410600F9400640F980005037CFFFFF9718
:102E900040000034140900947CF5FF9793000090E3
:102EA000020680D201008052A003029168090094BA
:102EB000E00317AAD6FFFF978000009073821B9152
:102EC00001A01991E2F301B2730201CB625595F2B0
:102ED000FADD9752760000B073FE4393780000B09D
:102EE000F90300AAD6CA3391186B3391150080D22A
:102EF000737E029B02038052BAD5BB727306229B7B
:102F0000E07A75B81F001A6BC001005434A3199100
:102F100005000014810A40B91F00016BA001005494
:102F2000946200919F0213EB61FFFF54E00316AA25
:102F300097010094B5060091BF1600F121FEFF54E1
:102F4000600000B00044349191010094D2FFFF175B
:102F5000810240F9E00318AA200B0094BF3300F966
:102F6000820A40F9A1630191800A40B9A05B00B9CF
:102F7000A003029140003FD6E0FDFF3583FAFF97A2
:102F8000A00302918DFFFF97FD7BBFA901409852DE
:102F90002100A072FD030091411200B9D8190094DC
:102FA000210080D2411E00F9600000D0005810912D
:102FB000FD7BC1A876010014000080D2C0035FD65B
:102FC000FD7BBCA9FD030091F35301A9F55B02A9A8
:102FD000F60301AAF71B00F9F50300AAF70302AAFA
:102FE000E00301AA1417009403F881D2220080D2D2
:102FF000E10317AAC8290094600100B514008012EB
:10300000600000B000140D9161010094E003142AE7
:10301000F71B40F9F35341A9F55B42A9FD7BC4A816
:10302000C0035FD601F881D2E00315AA42FFFF97E3
:10303000F403002A40FEFF35B32240B9C06E40B908
:10304000730600517302000B730AC01AE00316AA3C
:10305000F9160094A30A40F9E10317AAE20313AAA0
:10306000AD2900947F0200EB20FDFF54E4FFFF1721
:10307000FD7BB7A9FD030091F35301A9F55B02A9FC
:10308000F60300AA200040B9F50301AA1F0400714D
:10309000E0020054600000341F0C0071490100542C
:1030A00053028012600000B0005C2591CB0A0094AE
:1030B000E003132AF35341A9F55B42A9FD7BC9A89C
:1030C000C0035FD634008052000080D25D160094A9
:1030D000F303002A00010034E103002A600000B07D
:1030E00000E82591BD0A0094F2FFFF1714008052FA
:1030F000F6FFFF17A2C30091E103142A4004805297
:103100006C100094F303002AC00A0035A01B40F99C
:1031100072160094F40300AAFB150094F303002A2E
:10312000A0000034E103002A600000B00090269166
:10313000EDFFFF17A00240B933F9FF971F08007198
:10314000200400541F0C0071600500541F0400711E
:10315000E107005435008052E00314AAB61600942B
:10316000A2C30091E103152AA70B0094800000354B
:10317000A03342391F880271A0000054B506001127
:10318000BF260071A1FEFF5435008052E00314AA4F
:10319000A9160094A2C30091E103152A9A0B00948A
:1031A00080040034600000B000AC2791F800009467
:1031B000024080D2E10314AAE00316AA81FFFF9720
:1031C00080F7FF34E00314AA9B160094630000B05C
:1031D000E10300AA6304289122008052E00316AAAA
:1031E000240000941F00007133008012F303931A2F
:1031F000B0FFFF1795964139E00314AAB51643D3E3
:10320000BF1E0071B5129F1A8B160094E103152A98
:1032100017290094F503002AE0F9FF34600000B09C
:10322000F303152A00242791D9000094A1FFFF176A
:10323000A21B40F9E10314AAE00316AA4200089178
:1032400060FFFF9760F3FF34DAFFFF17600000B004
:10325000B302801200402891CD00009495FFFF1723
:10326000E103002A600000B000AC28919EFFFF1728
:10327000FD7BBDA9FD030091F55B02A9F607A0B097
:10328000F50300AAE00301AAE103022AC20240B941
:10329000F35301A9F40303AA62030035912C0094AF
:1032A000F303002AC0020034E203002A6100009008
:1032B000600000B021A02B9100582491470A00948F
:1032C0007F0200710C01005461000090600000B0AA
:1032D000E303132AE20314AA21002C9100C42491D1
:1032E0003E0A00947F020071E0C79F1AF35341A980
:1032F000F55B42A9FD7BC3A8C0035FD620008052C6
:10330000C00200B90208805201F881D2E00314AA79
:103310007D2F0094F303002A1F0000716DFDFF5400
:1033200001F881D2E00315AA83FEFF97F303002A78
:1033300080FCFF35A10A40F902008052E00314AA84
:10334000712F0094F303002ADEFFFF17FD7BBDA958
:1033500002109E5263008452425FA072FD030091EE
:10336000F35301A901008052F40300AAF51300F9F8
:103370000000805295190094200100B5600000B053
:10338000007429918200009440028012F35341A9F5
:10339000F51340F9FD7BC3A8C0035FD6F30300AA71
:1033A000405A40F90278A052610000B021C0299132
:1033B00047070094F503002AE103002A600640F95C
:1033C000030082D2020880D26A19009400FEFF3501
:1033D000010082D2E00314AA57FEFF9780FDFF355B
:1033E000E103152A822240B9600640F9830A40F9B8
:1033F000F35341A9F51340F9FD7BC3A85D190014EF
:10340000FD7BBFA901F881D2FD0300914AFEFF9721
:1034100000008052FD7BC1A8C0035FD6E12C8492DE
:103420000000018B00EC7C92C0035FD6FD7BBEA93F
:10343000022D80D201008052FD030091F30B00F9B0
:10344000F30300AA73C2059101080094537E00F9AA
:10345000F30B40F9FD7BC2A8C0035FD6FD7BBEA97C
:103460003F1440F2FD030091F30B00F9F30300AAAF
:10347000010400A9020800F940FC009100E47A92DE
:10348000600E00F9632200B9610000545F0000EB98
:1034900060010054E10300AA000880D208030094F0
:1034A000600600F9C00100B4612240B98100003615
:1034B000610240F9620A40F901080094600640F98F
:1034C000610E40F90100018BE3FCFF970000805280
:1034D000F30B40F9FD7BC2A8C0035FD660018012E8
:1034E000FCFFFF17FD7BBEA9FD030091F30B00F964
:1034F000F30300AA002040B9A0000836600640F996
:10350000610E40F90100018BD2FCFF97600640A9D3
:103510003F0000EBE0000054622240B96200083630
:10352000620A40F9E6070094600640F981000094C1
:1035300000008052F30B40F9FD7BC2A8C0035FD6A8
:10354000211C00121F080071CC000054E207A0B03B
:103550004280019140D860F8021C40F940001FD61B
:10356000C0035FD6421E40F9001C0012E20000B406
:10357000410640F981000836E103002A200080520C
:10358000F0FFFF1767180014C0035FD6FD7BBEA9CC
:10359000FD030091F30B00F9F30300AA6002403928
:1035A00080000035F30B40F9FD7BC2A8C0035FD655
:1035B00073060091ECFFFF97F9FFFF17FD7BBDA994
:1035C000E107A0B0FD030091F35301A9F40301AAA0
:1035D000332040F9F51300F91500138BA000F8B65D
:1035E000E20300CB01008052E00315AA9807009483
:1035F000E007A0B0002840F91F0015EB6801005457
:10360000E007A0B0002440F91F0015EBE3000054D0
:10361000E00313AA952200F9F35341A9F51340F9E9
:10362000FD7BC3A8C0035FD600008092FBFFFF179D
:10363000E207A0B00400018B402800F9E207A0B027
:10364000442400F9E207A0B0402000F9E20301AAF7
:10365000010080527E070014FD7BBDA9FD0300918F
:10366000F51300F9750000B0B5423E91F35301A97E
:10367000A10A40F9340440F994F67E92930200CBFB
:10368000737E3F9173CE7492730640D17FFE3FF1FB
:10369000CC00005400008052F35341A9F51340F9C7
:1036A000FD7BC3A8C0035FD6000080D2C4FFFF9794
:1036B000A10A40F92100148B1F0001EBC1FEFF5449
:1036C000E00313CBBEFFFF971F0400B1E1010054DC
:1036D000000080D2BAFFFF97A20A40F9010002CB96
:1036E0003F7C00F18DFDFF54630000D0210040B20B
:1036F000410400F963D043F9000003CBE307A0B015
:10370000600400B9E4FFFF17A00A40F9E107A0B088
:10371000940213CB940240B2140400F9200440B97F
:103720001300134B20008052330400B9DBFFFF1756
:10373000410640F9010A4836E00900B406805FF806
:10374000044000D1620000B047403E91C1F87F9232
:10375000C60040928500018BE80840F9A30440F9B7
:10376000BF0008EB63F47E92810200542100038BBA
:10377000E60000B500005FF8840000CB2100008B5C
:10378000830041A9600C00F9030800F9200040B251
:1037900042403E91800400F9600000D0440800F9E6
:1037A00000D443F93F0000EB63060054E007A0B0EB
:1037B000002C40F9A9FFFF17A30400F9660100B52A
:1037C00000005FF8E7400091840000CB2100008BEF
:1037D000800840F91F0007EB00050054860C40F9F3
:1037E000060C00F9C00800F900008052A600038B07
:1037F000C60440F9660100372100038BA30840F995
:103800000004003546403E91C74000917F0007EB21
:1038100081030054C41002A920008052830C01A926
:10382000230040B2830400F9816821F8400200358A
:103830003FFC07F1E802005421FC43D342403E9193
:1038400020008052237C0213210400110320C31A9C
:1038500021781F53400440F9000003AA400400F9F6
:1038600042CC218B40045FF8800801A9440800F98C
:10387000040C00F9C0035FD620008052DCFFFF1764
:10388000A50C40F9650C00F9A30800F9E5FFFF1746
:1038900023FC49D37F1000F18802005420FC46D35A
:1038A00000E000110304001142403E9163781F5371
:1038B00043CC238B65045FF87F0005EB4104005483
:1038C000007C0213210080522120C01A400440F9DC
:1038D000000001AA400400F9850C01A9640800F960
:1038E000A40C00F9E4FFFF177F5000F168000054BA
:1038F000606C0111ECFFFF177F5001F1880000544C
:1039000020FC4CD300B80111E7FFFF177F5005F1F1
:103910008800005420FC4FD300DC0111E2FFFF17A8
:1039200020FC52D37F5415F100F00111C30F8052D7
:103930000030831ADCFFFF17A50840F97F0005EB74
:10394000A0000054A00440F900F47E923F0000EB78
:1039500043FFFF54A30C40F9E0FFFF17420640F974
:10396000420048373B020014E10300AAE007A0B080
:10397000002840F9A00100B5E007A0B0002440F9FC
:10398000400100B5000080D2C0035FD6000080D2A5
:10399000F35341A9F55B42A9F76343A9F96B44A925
:1039A000FD7BC5A8C0035FD6E1FEFFB7FD7BBBA9C9
:1039B000215C00913FB800F1FD030091F35301A990
:1039C000F55B02A9750000B0F76303A9F96B04A9C0
:1039D0006D03005434EC7C929FDE07F148030054E1
:1039E00081FE43D3A2423E912004001100781F5370
:1039F00042CC208B434000D1400440F91F0003EB30
:103A0000A1000054400C40F9210800115F0000EBB8
:103A100040040054018C40A9020C40F921F47E922C
:103A2000620C00F90100018B430800F9220440F9FF
:103A3000420040B2220400F92A000014140480D28B
:103A4000E8FFFF1780FE49D3800700B41F1000F184
:103A5000C804005481FE46D321E000112004001167
:103A6000A2423E9100781F5342CC208B424000D1AD
:103A7000400C40F95F0000EBE0000054030440F903
:103A800063F47E92650014CBBF7C00F1AD05005459
:103A90002104005121040011A4423E918340009171
:103AA000801040F91F0003EBC0080054020440F9E5
:103AB00042F47E92460014CBDF7C00F14D050054A9
:103AC0000500148B810240B2010400F9C10040B22C
:103AD000851402A9A18C00A9A30C00F9066822F89C
:103AE00000400091ABFFFF171F5000F16800005429
:103AF000016C0111DAFFFF171F5001F1880000541B
:103B000081FE4CD321B80111D5FFFF171F5005F1DD
:103B10008800005481FE4FD321DC0111D0FFFF1734
:103B200081FE52D31F5415F121F00111C00F8052B4
:103B30002130801ACAFFFF17E1078052C8FFFF1724
:103B4000040C40F9C500F8B7010840F9240C00F94D
:103B5000810800F90100038BB5FFFF17E00304AAF9
:103B6000C5FFFF17830C02A9C600F8B70200028B3D
:103B7000410440F9210040B2410400F9D9FFFF1788
:103B80005FFC07F1870440F9A80C005442FC43D3C2
:103B900023008052457C02134204001142781F53D7
:103BA0006320C51A630007AA830400F982CC228B24
:103BB00043045FF8030801A9400800F9600C00F90C
:103BC000227C0213200080520220C21AA0423E91A1
:103BD000000440F95F0000EB080400545F0000EAB5
:103BE000C100005421741E1242F87FD3211000112D
:103BF0001F0002EAA0FFFF54A5423E9123040011DA
:103C0000E603012A63781F53A3CC238B634000D1C2
:103C1000E70303AAE00C40F9FF0000EB410E00545B
:103C2000C6040011E7400091DF0440F241FFFF5459
:103C30003F0440F281110054A00440F90000228AA0
:103C4000A00400F9A00440F942F87FD35F0000EB24
:103C500048000054C21100B5A0423E91190840F935
:103C6000330740F976F67E92C20214CB5F7C00F1F6
:103C7000CC160054E007A0B07A0000D0132C40F915
:103C800040D343F99302138B1F0400B14110005439
:103C900073820091E00313AA49FEFF97F70300AA7D
:103CA0001F0400B1401400542103168B3F0000EBA9
:103CB00089000054A0423E913F0300EB8113005461
:103CC000F807A0B03F0017EB000740B90000130B46
:103CD000000700B9810E0054A0423E91D302138B1D
:103CE000730240B2000840F9130400F9E107A0B0E4
:103CF000000780B9221840F91F0002EB4900005468
:103D0000201800F9E107A0B0221C40F91F0002EBC7
:103D1000E9100054201C00F98500001444FC49D32C
:103D20009F1000F16802005443FC46D363E0001189
:103D300064040011A6423E9184781F53C4CC248BA6
:103D400085045FF89F0005EB21040054637C021397
:103D5000220080524320C31A630007AAC30400F95B
:103D6000051001A9800800F9A00C00F995FFFF17C4
:103D70009F5000F168000054836C0111EDFFFF17A4
:103D80009F5001F18800005443FC4CD363B80111EB
:103D9000E8FFFF179F5005F18800005443FC4FD304
:103DA00063DC0111E3FFFF1743FC52D39F5415F16D
:103DB00063F00111C40F80526330841ADDFFFF17D6
:103DC000A50840F99F0005EBA0000054A30440F9AA
:103DD00063F47E925F0003EB43FFFF54A40C40F9B1
:103DE000E0FFFF17040440F984F47E92880014CBAE
:103DF0001F7D00F10D020054030840F9810240B21A
:103E0000010400F9B5423E91010C40F90200148B07
:103E1000610C00F9230800F9010140B2A20A02A9CD
:103E2000B542009141D400A9550C00F9086824F866
:103E30002CFFFF174801F8B70400048B810440F9F8
:103E4000210040B2810400F9010C40F9020C41F854
:103E5000410C00F9220800F9CEFEFF17000C40F9D2
:103E60006EFFFF1760045FF8210400517F0000EB34
:103E700000EEFF5474FFFF172110001142F87FD3AA
:103E80001F0002EAA0FFFF545DFFFF17E103062AAF
:103E9000FCFFFF17E00382D27302008B73CE749293
:103EA0007DFFFF1742D343F95F0400B1C105005401
:103EB00057D303F9E00E40F280000054010280D293
:103EC000200000CBF702008BF302138B000013CB12
:103ED00073FE3F9173CE74927302008BE00313AABA
:103EE000B7FDFF971F0400B120020054010740B93D
:103EF000000017CB2100130B010700B9A1423E912E
:103F00001300138B730240B23F0301EB370800F933
:103F1000F30600F9C0EEFF54DF7E00F1C802005442
:103F2000200840F9210080D2010400F9A0423E910E
:103F3000000840F9020440F942F47E92420014CB9A
:103F40005F7C00F14DD2FF54B5423E91810240B2F8
:103F5000A00A40F9010400F90100148BA10A00F93C
:103F6000B4FEFF17E10201CB0000010B000700B90E
:103F7000D1FFFF17200740F9D36200D173EE7C9286
:103F8000210180D2000040927F7E00F1000013AA40
:103F9000200700F92003138B018C00F8010400F9BD
:103FA00069EAFF5420430091E2FDFF9750FFFF179D
:103FB000FD7BBCA9FD030091F55B02A9157C019B6B
:103FC000F71B00F9F70300AA600000B0F35301A942
:103FD00016D047F9E00315AAD40640F960FEFF9712
:103FE000B706F8B7F30300AAA00100B4410640F9F0
:103FF00041034837BF2201F188020054BF9E00F1FF
:10400000690500541F7C00A9BFDE00F1480100547F
:10401000604200911F7C00A91F0800F9E00313AA69
:10402000F71B40F9F35341A9F55B42A9FD7BC4A8F6
:10403000C0035FD6BF2201F11F7C01A920030054F9
:1040400060820091F4FFFF17E20315AA010080527D
:10405000FF040094F2FFFF1701805FF8034000D1D6
:1040600082F67E927F0016EB21F47E92420041FAA6
:104070004230819A422000D15F2001F188FEFF5436
:104080005F9C00F1490100541F7C00A95FDC00F136
:1040900009FCFF545F2001F11F7C01A9E8FFFF1715
:1040A00060C200917F7E02A9DBFFFF17E00313AA25
:1040B000D9FFFF17130080D2D9FFFF17FD7BBCA9E2
:1040C000FD030091F35301A9F55B02A9F71B00F969
:1040D0000101F8B6130080D2E00313AAF71B40F9E0
:1040E000F35341A9F55B42A9FD7BC4A8C0035FD689
:1040F000F40300AAE00301AA9F4200F1C8000054A3
:10410000F35341A9F55B42A9F71B40F9FD7BC4A815
:1041100013FEFF17000480D2F70301AA9F0200EBF1
:10412000215C00919422809A3FB800F136EC7C9299
:10413000D6C2809A8002008B0000168B08FEFF9783
:10414000E20300AA800200B5E00317AA04FEFF976D
:104150001508D49AF30300AAB582149BF5FBFFB4AB
:1041600074FDFF97950215CBE002158BFCFDFF97C0
:10417000E20300AA00FBFFB40108D49A2180149B3B
:10418000810201CBBF0201EB6200005469FDFF9781
:10419000D1FFFF174008D49A534000D10088149BE8
:1041A000800300B4E003144B950600D15500158B35
:1041B000007C4093B502008AB54200D1A00213CB27
:1041C0001F7C00F148000054B502148B40805FF85A
:1041D000B30213CB00F47E92000013CB010040B277
:1041E000A002008BA10600F9010440F9210040B2B1
:1041F000010400F940805FF800004092130013AA08
:1042000053801FF8F30315AAE00302AA49FDFF97A4
:10421000610640F921F47E92210016CB3F7C00F12B
:104220004D0100546002168B210040B20040009105
:1042300001801FF8610640F921004092360016AA5D
:10424000760600F93BFDFF9773420091A3FFFF172D
:10425000418640F92100008B408240F91F0001EBAC
:1042600003010054407E40F9211C0091438640F92F
:1042700021F07D92418600F90000038BC0035FD6D8
:10428000000080D2FEFFFF17FF0308D1E40300AA5D
:1042900027FC43D320FC44D3E5230091030080D2C4
:1042A000C00100B562040051830040F99F0000F98D
:1042B000850040F9850500B4830000F9427C4093F5
:1042C000E3230091210080D2FF0001EB680100543C
:1042D000FF030891C0035FD602F07DD3866862F8C1
:1042E000A67823F8E60320AA63040091866822F8E2
:1042F00000FC4193EBFFFF1725F07DD3667862F851
:1043000021F87FD3420400D1866825F8EFFFFF171C
:10431000A3F07DD3007962F8E603022A420400D1BB
:104320008A6863F8806823F8E00325AA1F000AEB77
:10433000A5F87FD3E0010054C1040051E00303AAB3
:10434000217C4093FF0005EB49FCFF54A2F07DD394
:10435000037961F8A5F87FD3210400D1836822F89E
:10436000F9FFFF17427C4093E8230091250080D29B
:10437000FF0005EBE8FCFF54E00301AAD5FFFF179F
:10438000010040B9A2DD9F52A201BA722108C05AB1
:104390003F00026B61010054011440B92108C05A6A
:1043A0003F3C007109020054001840B90008C05A8F
:1043B0001F48007120018012E033801AC0035FD6CD
:1043C0004222805242FEA5723F00026B010100545E
:1043D000002440B91F000071C0008012E013801A51
:1043E000F7FFFF1720018012F5FFFF170001801271
:1043F000F3FFFF17030840B96308C05A2400030BFA
:104400003F00046BE80200548500020BBF00046B00
:1044100083020054040440B98408C05ABF00046BEE
:1044200008020054041440B98408C05A9F40007127
:10443000090100542200020B3F00026B28010054C6
:10444000042440B98408C05A5F00046BA8000054DB
:10445000217C40932140238B0000018BC0035FD659
:10446000000080D2FEFFFF17FD7BBFA9EA0302AA6E
:10447000EB0300AAE803012AFD030091E200801289
:10448000420100B982008052DBFFFF97600000B557
:104490002701805220000014070040B9400180121B
:1044A000400100B906110011E708C05AE1040051AB
:1044B0003F200071E8FEFF54400000F000B0299159
:1044C00000486138610000102088208B00001FD652
:1044D000CC04001122008052E103062AE0030BAA5B
:1044E000C5FFFF9760FDFFB400004039E6030C2ACA
:1044F00000FFFF35C200084BE103082AE0030BAAC6
:10450000BDFFFF9760FCFFB4C60C0011C6741E12FD
:10451000460100B9E003072AFD7BC1A8C0035FD6AE
:1045200082008052E103062AE0030BAAB2FFFF9744
:1045300000FBFFB4060040B9C008C05A06310011A4
:10454000C600000BECFFFF17FD7BBEA9FD03009129
:10455000A11F00B98100F83660008012FD7BC2A85F
:10456000C0035FD6E203012A5F0440F261FFFF54FB
:10457000A2730091BDFFFF971F040071E1FEFF547D
:10458000A01F40B9F6FFFF17FD7BBEA9FD030091F8
:10459000A11F00B98100F83660008012FD7BC2A81F
:1045A000C0035FD6E203012A5F0440F261FFFF54BB
:1045B000A2730091ADFFFF971F0C0071E1FEFF5445
:1045C000A01F40B9F6FFFF17FD7BBEA9EF0300AAAD
:1045D000EE0302AAFD030091BF1F00B9A100F83746
:1045E000DAFFFF97A01F00B9ED03002A0002F83799
:1045F000AD1F40B9A2730091E0030FAAE1030D2A99
:104600009AFFFF971F080071800100541F2400715A
:10461000200200541F040071C1FEFF548E0000B43C
:10462000C00140B900040011C00100B9E0030D2A27
:10463000FD7BC2A8C0035FD6CEFDFFB4C00140B968
:1046400000040051C00100B940FDFF36AD1F40B964
:10465000F7FFFF17AD1F40B9CD00F836BF2100317D
:1046600061FEFF54DF0100F1AD119F5AF0FFFF170B
:104670000D008012EEFFFF17FD7BBEA9FD03009128
:10468000A28300915FCC1FB8D0FFFF97C000F8371E
:10469000A11F40B93F04007100009F5AFD7BC2A8D2
:1046A000C0035FD600008012FDFFFF17FD7BBDA990
:1046B000FD030091F35301A9B3C30091F40300AAD1
:1046C0002000805260CE1FB8E003012AE103002AD7
:1046D000E20313AAE00314AABCFFFF972001F837F6
:1046E000A12F40B93F000071CD0000543F0400717C
:1046F000E1FEFF54F35341A9FD7BC3A8C0035FD67D
:1047000000008012FCFFFF17FD7BBDA9FD03009197
:10471000F35301A9347C4093E20314AAE1058052CB
:10472000F51300F9F50300AA8D030094F30300AA22
:10473000E20314AA41078052E00315AA88030094FB
:104740007F0200F1041840FAE00000541F0013EB50
:104750000090939AF35341A9F51340F9FD7BC3A848
:10476000C0035FD67F0200F10000939AFAFFFF17A3
:10477000FD7BBDA9FD030091F35301A9F40300AA39
:10478000F303012AA2B30091E103132AE00314AA60
:1047900036FFFF971F0C0071E00000541F240071CA
:1047A000B32F40B9010100547F0200714001801213
:1047B00073B2801AE003132AF35341A9FD7BC3A807
:1047C000C0035FD61F100071E0FDFF54130080127C
:1047D000F9FFFF17020C40B94208C05A41C0218BB3
:1047E0000000018BC0035FD6FD7BBAA9FD030091D9
:1047F000F35301A9747C4093F55B02A9F603012AE7
:10480000F76303A9F70300AAF80302AAF92300F942
:10481000DCFEFF97F303002A00050035B583019104
:10482000F303162A99060011BFCE1FB8A05F40B946
:104830007F02007101A8407A8A0000541F000071B5
:1048400073A29F5A1D0000141F040071E000005461
:10485000E103132AE20315AAE00317AA5BFFFF97FF
:10486000F303002AF2FFFF17E203192A6112001175
:10487000E00317AAE0FEFF97F60300AAA0FEFFB42C
:10488000E20314AAE10318AA2903009420FEFF35CD
:10489000C06A743820010034E20314AA010880526F
:1048A000E00318AA2E03009440FDFFB5C06A7438D7
:1048B0001F000171E1FCFF54E003132AF92340F9C2
:1048C000F35341A9F55B42A9F76343A9FD7BC6A851
:1048D000C0035FD6FD7BBDA9FD030091F35301A981
:1048E000F30300AAF55B02A9367C4093F50302AA04
:1048F000140840B9A3FEFF9740020035E103162AD1
:10490000E00313AA11FFFF97C001F837940AC05AB9
:10491000D442348B7302148B73120091950000B44F
:10492000E00313AA96020094A00200B9E00313AAC0
:10493000F35341A9F55B42A9FD7BC3A8C0035FD631
:10494000550000B4A00200B9130080D2F8FFFF1791
:10495000FD7BBEA9FD030091F30B00F9F30300AA50
:10496000FAFEFF97C000F837E103002AE00313AA1C
:10497000F30B40F9FD7BC2A87EFFFF17F30B40F954
:10498000FD7BC2A8C0035FD6FD7BBEA9FD030091DD
:10499000F30B00F9F30300AAFCFEFF97C000F83701
:1049A000E103002AE00313AAF30B40F9FD7BC2A840
:1049B00070FFFF17F30B40F9FD7BC2A8C0035FD661
:1049C000FD7BBDA9FD030091F35301A9F30300AAE8
:1049D000F51300F9F40302AAF503012AEBFEFF9791
:1049E000A000F836540000B4800200B9000080D264
:1049F00009000014600A40B90008C05A00C0358B95
:104A00006002008B940000B4010440B92108C05A30
:104A1000810200B9F35341A9F51340F9FD7BC3A806
:104A2000C0035FD6FD7BBBA9FD030091F55B02A926
:104A3000757C4093F76303A9B8060011F35301A9ED
:104A4000F70300AAF96B04A9F60304AAF90302AA62
:104A5000187F4093BFFFFF97F303002AB300F83697
:104A6000560000B4D30200B9140080D21A0000141A
:104A7000E20316AAE103132AE00317AAD1FFFF9766
:104A8000F40300AA600300B4810A40B9E00317AA46
:104A90002108C05A50FFFF97E10318AAFA0300AAA1
:104AA0004E0200941F0015EBC0000054E103132ACE
:104AB000E00317AAB5FFFF97F303002AE8FFFF17EB
:104AC000E20315AAE10319AAE0031AAA98020094C6
:104AD000E0FEFF35E00314AAF35341A9F55B42A9B8
:104AE000F76343A9F96B44A9FD7BC5A8C0035FD652
:104AF00093018012DBFFFF17FD7BBFA9FD0300912F
:104B0000C9FFFF97013000911F0000F120109F9A0C
:104B1000FD7BC1A8C0035FD6FD7BBEA9FD0300914C
:104B2000F35301A9F30302AAF40300AAE20303AAC0
:104B3000A4FFFF97800100B4E30300AAD30000B4F0
:104B4000610840B9E00314AA2108C05A22FFFF9768
:104B5000600200F960300091F35341A9FD7BC2A8C7
:104B6000C0035FD6000080D2FCFFFF17FD7BBDA90C
:104B7000FD030091F35301A9F40300AAF55B02A918
:104B8000F30302AAF60303AAF503012AE00302AA2B
:104B9000FB010094E40316AAE303002AE20313AA2C
:104BA000E103152AE00314AAF35341A9F55B42A9D6
:104BB000FD7BC3A8D1FFFF17FD7BBDA9FD030091BD
:104BC000F35301A9F40301AAF51300F96100009061
:104BD000F30300AA21140791F503022A4F00009461
:104BE0004001F837E303152AE20314AAE103002A7F
:104BF000F51340F9E00313AA040080D2F35341A94E
:104C0000FD7BC3A8BDFFFF17000080D2F51340F95C
:104C1000F35341A9FD7BC3A8C0035FD6FD7BBCA9AC
:104C2000FD030091F35301A9F30301AAF55B02A967
:104C3000F503022AF71B00F9F70300AAD1FDFF973D
:104C4000F403002AA00500356002403976C2358B96
:104C50001FBC007100020054E103152AE00313AAEF
:104C6000AAFEFF971F0000F11510969AE10313AA00
:104C7000A202134BE00317AAD0FFFF97A00400B4D1
:104C8000E10300AAF30315AAE00317AA2300009486
:104C9000F403002A60024039000300347F0216EB5F
:104CA000630000541500001473060091600240393F
:104CB0001FBC0071A0FFFF541FE800710418407A68
:104CC000C0010054C102134BE00313AA8FFEFF97EB
:104CD0001F0000F11510969AE20313AAA302134BCA
:104CE000E103142AE00317AAF30315AABFFEFF97F6
:104CF000F403002A00FDFF36E003142AF71B40F9F5
:104D0000F35341A9F55B42A9FD7BC4A8C0035FD65C
:104D100094008012F9FFFF17FD7BBEA9FD030091EF
:104D2000F35301A9F40300AAF30301AAE00301AAC3
:104D300093010094E203002AE10313AAE00314AAFA
:104D4000F35341A9FD7BC2A8B5FFFF17FD7BBEA9A8
:104D50006200009042D80691FD030091A373009178
:104D600083FFFF97800100B4A11F40B93F1000717D
:104D700061010054000040B90008C05A010400510C
:104D80003F100071A10180120030811AFD7BC2A882
:104D9000C0035FD640008052FDFFFF17A0018012C4
:104DA000FBFFFF17FD7BBEA9620000904238079110
:104DB000FD030091A37300916DFFFF97600100B4A4
:104DC000A11F40B93F10007141010054000040B9DB
:104DD000A10180120008C05A1F1400710030811A0E
:104DE000FD7BC2A8C0035FD640008052FDFFFF17C5
:104DF000A0018012FBFFFF17FD7BBDA9FD03009101
:104E0000F30B00F9F303032AA3B3009158FFFF97B4
:104E1000C00000B4A12F40B93F0C007169000054DC
:104E2000130040B9730AC05AE003132AF30B40F988
:104E3000FD7BC3A8C0035FD6FD7BBDA9FD03009128
:104E4000F30B00F9F303032AA3B3009148FFFF9784
:104E5000C00000B4A12F40B93F0C0071690000549C
:104E6000130040B9730AC05AE003132AF30B40F948
:104E7000FD7BC3A8C0035FD6FD7BBDA9FD030091E8
:104E8000F35301A9F403032AF30304AAA3B3009183
:104E900037FFFF97C00000B501008012610200B922
:104EA000F35341A9FD7BC3A8C0035FD6A12F40B92E
:104EB0003F00146B6101801221B09F1AF8FFFF17A9
:104EC000FD7BBFA962000090030080D24288079159
:104ED000FD03009126FFFF97000100B461000090E0
:104EE00021A407910E0100941F000071E0179F1A82
:104EF000FD7BC1A8C0035FD620008052FDFFFF17D5
:104F0000FD7BBAA9FD030091F35301A9F30300AAA5
:104F1000F55B02A9F403022AF76303A9E00301AADF
:104F2000F96B04A9F70301AAF90303AA1401009479
:104F3000A2430191E103142A167C4093E00313AAD3
:104F400065FEFF97F80300AA61000090E00313AA32
:104F50002114079171FFFF97E103002AE00313AAD0
:104F60007CFEFF97F403002A1F0000716C000054C0
:104F70003500801222000014E103142AA35301918A
:104F8000A2630191E00313AAE4FEFF97F50300AAD0
:104F9000A0074A293F00006B0B040054BA024039B5
:104FA0005FBF0071A1030054A1C2218B20F05F38C4
:104FB00040030035A02F40F9E20316AAE10317AA27
:104FC000E1000094A0020035E1031A2AE00315AACB
:104FD000F200009400040091E10318AAD0000094AC
:104FE000F503002AA0010035A02F40F9E503009445
:104FF0001F04003120010054200300B9E003152AEA
:10500000F35341A9F55B42A9F76343A9F96B44A99E
:10501000FD7BC6A8C0035FD6E103142AE00313AAF0
:105020005AFEFF97D0FFFF17FD7BBFA9FD0300913C
:10503000415A40F9E10000B5400000F000B8079186
:1050400053F9FF9700008012FD7BC1A8C0035FD613
:10505000415A40F93F0440F201FFFF54405A40F9E1
:10506000C8FCFF9720FFFF34F4FFFF17FD7BBDA9AD
:10507000FD030091F35301A9F303042AA4C3009193
:10508000F40303AA63761E539FCC1FB87BFFFF97E0
:10509000E30300AAA02F40B960010034F35341A9F3
:1050A000FD7BC3A8C0035FD6627861B84208C05ACE
:1050B000827A21B8210400917F02016B6CFFFF54BA
:1050C000F7FFFF17010080D2FCFFFF17FD7BBDA992
:1050D000FD030091F35301A9F40300AAF51300F9AD
:1050E000F303022AF50301AA410000F021680791A9
:1050F0000AFFFF972001F837E303132AE20315AAFA
:10510000E103002AF51340F9E00314AAF35341A97F
:10511000FD7BC3A839FFFF17E003132AF51340F9FD
:10512000F35341A9FD7BC3A8C0035FD6217C7ED386
:10513000E40300AA020080D2000080D25F0001EBED
:1051400041000054C0035FD6836862B842100091EA
:105150006308C05A608000AAF9FFFF179F0800711A
:105160004901005405008092E00305AAC0035FD600
:1051700005008092F35341A9E00305AAF55B42A91B
:10518000FD7BC4A8C0035FD6BF080071C8FEFF54F2
:10519000FD7BBCA9FD030091F35301A9F303052A8C
:1051A000F55B02A9F403042AF603032AF50306AA11
:1051B000A3F300916EFEFF97C0FDFFB48102130BB5
:1051C000237C161BA13F80B921F47E9203C8238B58
:1051D0000000018B66C8348BC1C8338B1F0001EB04
:1051E00083FCFF54E103142AE00303AAD0FFFF97D6
:1051F000E50300AA15FCFFB4E103132AE00306AAA5
:10520000CBFFFF97A00200F9DBFFFF17FD7BBBA9D7
:10521000FD030091F35301A9F30300AAF55B02A972
:10522000F503022AF76303A9F60303AAF96B04A99D
:10523000F703042AFA03012AF80305AAD91C00126D
:10524000C3FEFF971F0000718D020054F403002A73
:10525000E1031A2AE00313AAD3FEFF97E001F8370F
:10526000E703192AE60318AAE503002AE403142A2F
:10527000E303172AE20316AAE103152AE00313AA9F
:10528000F35341A9F55B42A9F76343A9F96B44A91C
:10529000FD7BC5A8B2FFFF1700008092F35341A920
:1052A000F55B42A9F76343A9F96B44A9FD7BC5A847
:1052B000C0035FD67F0000F1E60303AAE5079F1A4B
:1052C000070080524400805203008052A5781F538B
:1052D000A3FFFF17600000B000802991405A00F939
:1052E00052FFFF17FD7BBFA9400000F0003C0A9170
:1052F000FD030091A6F8FF97A003801274F6FF97B4
:1053000000000014020080D223686238036822384B
:1053100042040091A3FFFF35C0035FD6E50300AA56
:10532000030080D2A4686338226863388200024B8D
:10533000401C0013600000356304009144FFFF35FA
:10534000C0035FD6E60300AA040080D25F0004EB2E
:10535000610000540000805208000014C5686438E1
:1053600023686438A300034B601C00136000003501
:1053700084040091C5FEFF35C0035FD6E10300AA97
:105380002200403962000035200000CBC0035FD608
:1053900021040091FBFFFF17E40300AAE303012AA5
:1053A000FD7BBFA9FD030091F5FFFF978000008BF7
:1053B000631C0012010040393F00036BA000005441
:1053C000000400D19F0000EB69FFFF54000080D271
:1053D000FD7BC1A8C0035FD60100018BE20300AAD8
:1053E0005F0001EB6000005443004039630000356A
:1053F000400000CBC0035FD642040091F9FFFF17C5
:10540000000200B4FD7BBEA9FD030091F30B00F97F
:10541000F30300AADAFFFF970004009150F9FF9709
:10542000E40300AA600000B4E10313AAB6FFFF97EB
:10543000E00304AAF30B40F9FD7BC2A8C0035FD6CA
:10544000040080D2E00304AAC0035FD6E40300AAEC
:10545000050840F240020054E30300AA040080D291
:105460005F0004EB61020054C0035FD6C52005AAAB
:1054700063040071C1FFFF5446FC43D3030C068B49
:1054800067200091842000919F0007EBE100005409
:10549000E4008092C208049BF1FFFF1723018052B1
:1054A000261C4092F3FFFF1785801FF8F6FFFF17B9
:1054B0006168243884040091EAFFFF171F0001EBA4
:1054C00000020054030001AA7F0840F24102005488
:1054D00044FC43D3030080D285F07DD37F0005EBED
:1054E00021010054E50080922100038B8208059B76
:1054F0000400038B030080D25F0003EB0101005422
:10550000C0035FD6266863F8066823F8632000911D
:10551000F3FFFF17E40300AAF7FFFF1725686338BE
:105520008568233863040091F4FFFF17E60300AA9F
:10553000040080D29F0002EB610000540000805202
:1055400006000014C3686438256864388404009138
:105550006000056B00FFFF54C0035FD60200028BA2
:10556000211C00121F0002EB61000054000080D2D9
:10557000C0035FD6E30300AA641440389F00016BA8
:1055800080FFFF54E00303AAF7FFFF17FD7BBEA9CE
:10559000FD030091F35301A9F40300AAA9F4FF97B6
:1055A000F30300AAA5F4FF97E003002A017D80D24F
:1055B000737E019B600AC09A000014CBF35341A98B
:1055C000FD7BC2A8C0035FD6FD7BBEA9FD03009191
:1055D000F35301A9F30300AA9AF4FF97F40300AA76
:1055E00096F4FF97737E009B004888D2E001A0F2FA
:1055F000730AC09A7302148B7306009191F4FF979B
:105600001F0013EBC3FFFF54F35341A9FD7BC2A856
:10561000C0035FD6FD7BBDA9FD030091F35301A933
:10562000F30300AAF51300F915D092D21513A0F2D6
:10563000D81F00947F0215EB7492959AE00314AA88
:10564000E2FFFF97730214EB41FFFF54F35341A9AC
:10565000F51340F9FD7BC3A8C0035FD6020840F9EB
:1056600043040091030800F941000039C0035FD6EC
:10567000E003012ABCF7FF1703008052240040F921
:105680009F0002EB02020054012040394100003526
:10569000830100347F280071E20A805201068052A3
:1056A0002130821A020040F96300010B2100805270
:1056B00044040091040000F943000039012000393E
:1056C000C0035FD663040011840002CB631C001288
:1056D000240000F9EAFFFF17FD7BB7A9FD03009145
:1056E000F35301A9F76303A9B8030291F96B04A965
:1056F0001A070091541840B9536440A9F55B02A9F8
:10570000F50300AAF60301AAFB7305A91B06805244
:10571000C1024039D7060091A10400343F940071C2
:10572000C0000054A20E40F9E00315AAF60317AA20
:1057300040003FD6F7FFFF17C00640391FB4007185
:1057400060040054D60A00911FC000716104005427
:10575000C0024039D60600912600805201C0005197
:105760001C008052211C00123F240071A904005427
:105770001FB00171A1040054C0024039D606009147
:1057800021008052B80200F91F900171BF22003938
:1057900040070054E80300541F940071001D00549A
:1057A0001F8C0171C0130054E0030035F35341A96D
:1057B00000008052F55B42A9F76343A9F96B44A945
:1057C000FB7345A9FD7BC9A8C0035FD6C00A403959
:1057D000D60E0091DDFFFF1706008052E0FFFF1795
:1057E0009C03021BC01640389CC3005101C00051ED
:1057F000211C00123F24007149FFFF54DDFFFF17F9
:1058000042018052FAFFFF1701008052DEFFFF17AE
:105810001FCC0171A0120054A80000541FC00171D8
:10582000E0160054F70318AA970000141FD4017162
:10583000400200541FE0017161FFFF54C10B0034AE
:10584000940AF837603E0091E103142A00F07D923B
:10585000620240F9F403012AF30300AA0500E2D230
:10586000A23F00F9A03F40F9C00C00B5BB030239CC
:10587000BA0200F94400001421040034B402F837DD
:10588000623E0091E10313AA53F07D92210040F99A
:105890001F900171A13F00F900060054053DB1D2EF
:1058A0008560C4F2E558F1F2A03F40F9400600B42B
:1058B000470180D2E20305AAA1E30191E00315AA02
:1058C0006EFFFF97A508C79A65FFFFB5D6FFFF17C4
:1058D000822200115F000071CD000054633E0091F0
:1058E000E10313AAF403022A73F07D92E8FFFF1785
:1058F00021C3348BF403022AE5FFFF179401F83724
:10590000622E0091E10313AA53F07D92210040B969
:105910001F900171E203012AA23F00F9C012005456
:10592000054099D24573A7F2E0FFFF1782220011CC
:105930005F000071CD000054632E0091E10313AAB3
:10594000F403022A73F07D92F1FFFF1721C3348B19
:10595000F403022AEEFFFF1721FAFFB6E10301CBA1
:10596000A0058052BA0200F9A13F00F9A003023954
:10597000CBFFFF17A00240F901040091A10200F93A
:105980001B00003920008052A0220039A6FFFF171B
:10599000812200113F0000718D000054603E009193
:1059A00000F07D92ABFFFF17E00313AA33C3348BE3
:1059B000A8FFFF175401F837602E0091E103142A65
:1059C00000F07D92620240B9F403012A0500A2D2E0
:1059D000F30300AAA23F00F9A3FFFF1781220011E1
:1059E0003F0000718D000054602E009100F07D9208
:1059F000F5FFFF17E00313AA33C3348BF2FFFF1741
:105A0000E20305AAA1E30191E00315AA1BFFFF979A
:105A1000A5FC44D365FFFFB583FFFF175401F8379A
:105A2000602E0091E103142A00F07D926202403959
:105A3000F403012AA2030239F30300AABA0200F90F
:105A400079FFFF17812200113F0000718D00005483
:105A5000602E009100F07D92F5FFFF17E00313AA7E
:105A600033C3348BF2FFFF179403F837603E009185
:105A7000E103142A00F07D92770240F9F403012A31
:105A8000F30300AAA00240F91F000039B70200F991
:105A9000A00240F901040091A10200F90000403980
:105AA000A0050035DF000071020480526213821AE3
:105AB0009C0700519F07003100050054A30E40F9D8
:105AC000E103022AA26F00B9E00315AA60003FD6E5
:105AD000A26F40B9F7FFFF17812200113F0000714C
:105AE0008D000054603E009100F07D92E3FFFF17AF
:105AF000E00313AA33C3348BE0FFFF179400F83799
:105B0000733E009173F27D92040000149422001100
:105B10009F0200716CFFFF54400000D000702C9178
:105B2000C1024039C2060091016861383F0840F265
:105B3000A0E7FF54F60302AAFAFFFF17010700913E
:105B4000A0030239A10200F937FFFF179C0700519B
:105B5000D0FFFF17DCFFFF35D7DDFFB4E11640387B
:105B600081DDFF34A20E40F9E00315AA40003FD6C4
:105B7000FBFFFF1761EDFF36E103014BA0058052EB
:105B8000BA0200F9217C4093A13F00F9A003023939
:105B900064FFFF17FD7BBAA9020480D2FD030091C8
:105BA000F30B00F9F30300AA0000009000C0199164
:105BB000A02F00F9A003028B41FEFF97A283009162
:105BC000E10313AAA0030191C4FEFF97F30B40F970
:105BD000FD7BC6A8C0035FD6FD7BADA9FD03009188
:105BE000A18B0FA90100009021C01991A12700F9F4
:105BF000A1C30491A10705A9A1C30391A13300F991
:105C0000E1068012A16B00B9E10F8012A16F00B90B
:105C1000A39310A9E10300AAA20F45A9A20F01A90D
:105C2000A20F46A9A20F02A9A01F803DA243009186
:105C3000A123803DA0C30091A227803DA32B803DDE
:105C4000A42F803DA533803DA637803DA73B803DF6
:105C5000A59B11A9A79700F9A0FEFF97FD7BD3A8EC
:105C6000C0035FD6FD7BAEA9FD030091A20F0FA973
:105C7000A2830491A02300F900000090A22F00F954
:105C800000701991A08B04A9A2C30391A23300F95B
:105C9000E2058012A26B00B9E20F8012A26F00B978
:105CA000A0C30091A20F45A9A20F01A9A20F46A966
:105CB000A20F02A9A01F803DA2430091A123803D15
:105CC000A227803DA32B803DA42F803DA533803D9E
:105CD000A637803DA73B803DA41710A9A61F11A998
:105CE0007EFEFF97A12340F93F000039FD7BD2A83B
:105CF000C0035FD6FD7BAEA9E10302AAFD030091BC
:105D0000A2830491A20B05A9A2C30391A23300F9B7
:105D1000E2048012A26B00B9E20F8012A26F00B9F8
:105D2000A3930FA9A20F45A9A20F01A9A20F46A9EB
:105D3000A02300F90000009000701991A20F02A9A1
:105D4000A2430091A02700F9A0C30091A01F803DAD
:105D5000A123803DA227803DA32B803DA42F803D21
:105D6000A533803DA637803DA73B803DA59B10A96C
:105D7000A78F00F959FEFF97A12340F93F00003992
:105D8000FD7BD2A8C0035FD6FD7BBFA94001805236
:105D9000FD030091F4F5FF9700D490D22000A0F20B
:105DA0001DFEFF97030080D2020080520100805246
:105DB000000080D2B8F3FF9700000014FD7BAFA96C
:105DC000FD030091A18B0DA9A1430491A10703A993
:105DD000A1430391A12300F9E1068012A14B00B970
:105DE000E10F8012A14F00B9A1430091A3930EA926
:105DF000A20F43A9A20F01A9A20F44A9A20F02A9B1
:105E0000A017803DA11B803DA21F803DA323803DA4
:105E1000A427803DA52B803DA62F803DA733803D44
:105E2000A59B0FA9A78700F95BFFFF97D7FFFF97F7
:105E3000030040397FC00071430000D0C10200540C
:105E400004044039050400919FE00171C101005430
:105E50000608403964702C91846866388608805240
:105E6000DF00046A00010054000800910202805221
:105E7000060080D265702C9188088052E203022AC5
:105E800010000014E00305AA42FFFF350201805212
:105E9000F8FFFF175F000071440180524210841A1E
:105EA000F4FFFF17C701103663C00051637C4093B5
:105EB0005F0003EBE9000054460C069B00040091D0
:105EC00003004039A7C86338FF00086AC1FEFF54C9
:105ED000810100B5E00306AAC0035FD664800051CB
:105EE00063DC0051841C0012FF007FF284DC00514F
:105EF000637C4093847C40936300849AEDFFFF179A
:105F0000200000F9F4FFFF17FD7BBEA9FD030091FF
:105F1000F30B00F9F30300AA610000B518FDFF9729
:105F20006102008B20F05F38420000D042702C915B
:105F30004068603880001036200400D11F0013EB49
:105F4000A800005400008092F30B40F9FD7BC2A82A
:105F5000C0035FD60100403941686138E100103765
:105F6000F30B40F942018052FD7BC2A8010080D2B0
:105F700000040091AFFFFF17000400D1F0FFFF17EE
:105F8000010080D2E1FFFF17FD7BBDA9FD03009159
:105F9000F35301A9740000B0730000B0940219918A
:105FA00073A21991F51300F9730214CBF50300AA3B
:105FB0001F200039E0E702B273FE4393A09999F2E3
:105FC000737E009B000580527352209B9F0213EB4F
:105FD000E0000054811240F9E00315AA20003FD6EA
:105FE000E0000035800A40B9A0220039F35341A9EE
:105FF000F51340F9FD7BC3A8C0035FD694A20091BE
:10600000F3FFFF1763000090640000906300199194
:1060100084A01991840003CBE6E702B2A69999F215
:106020000520403984FC4393847C069B06058052FE
:10603000840C269B7F0004EB61000054800B8012CF
:10604000C0035FD6660840B9BF00066BA0000054CD
:1060500063A00091F8FFFF17A0048012C0035FD671
:10606000630840F9A3FFFFB4FD7BBFA9FD030091C6
:1060700060003FD61F000071E0039F5AFD7BC1A85E
:10608000C0035FD6E50302AA020040B942040051F2
:106090005F1C007168010054430000B063C00491AC
:1060A000625862F8030440B9E403012AE00305AA38
:1060B000410000D063840111213C1091EAFEFF17DA
:1060C000420000D042301091F7FFFF1701F8473926
:1060D0003F540171E103005401FC47393FA80271AC
:1060E0008103005402F84639010080525F1840F2E3
:1060F00020030054FD7BBEA9410000D0620080D285
:1061000021A43B91FD030091F30B00F9F30300AAD6
:1061100000D800918CFCFF97E0000034410000D0D3
:10612000A20080D221B43B91604A019186FCFF9786
:10613000C000003521008052E003012AF30B40F932
:10614000FD7BC2A8C0035FD601008012FBFFFF17D2
:1061500001008012E003012AC0035FD6FD7BBEA9C7
:10616000220080D2FD030091010C40F9F30B00F9ED
:1061700021FC009121E47A9221000191FF6321CB5F
:10618000010080D2F3FF009173E67A92E30313AA31
:10619000611D00941F0400F121010054E00313AAC3
:1061A000CBFFFF971F000071E0039F5ABF030091D0
:1061B000F30B40F9FD7BC2A8C0035FD6000080123C
:1061C000FBFFFF17FD7BBAA9FD030091F35301A963
:1061D000F40305AAF55B02A9F50301AAF76303A975
:1061E000F80300AAF96B04A9FA0302AAFB2B00F931
:1061F000F903042AFB03032A000F40F9220080D28E
:10620000E10315AA00FC009100E47A9200000191DC
:10621000FF6320CBE00318AAF7FF0091F7E67A921C
:10622000E30317AA3C1D00941F0400F10002005470
:10623000010740B9400000D0E20315AA008811917F
:1062400066FEFF9716008012BF030091E003162A36
:10625000FB2B40F9F35341A9F55B42A9F76343A92E
:10626000F96B44A9FD7BC6A8C0035FD6E1FA4739A4
:10627000E2FE47393F540171610000545FA802718A
:10628000A0000054400000D00038129153FEFF9748
:10629000EDFFFF17E1FA0691E2FA0791F30301AA75
:1062A00076024039D67A1872A1050054601240393E
:1062B000800B00343F031B6B010B005403180012CA
:1062C0007F14007104184F7AC00A0054004080D235
:1062D000800A00F982620091612A4039602E4039BB
:1062E000213C10532160000B602640392020000B18
:1062F000612240390000010B1500158B950200F951
:10630000613A4039603E4039213C10532160000B16
:10631000603640392020000B613240390000010B0B
:10632000800600F9E103192AE00318AA56FFFF9737
:10633000410000D080E2009121582991F2FBFF97A3
:10634000600240391F000271E0179F1A805A00B99D
:106350006012403980720139BCFFFF17F50000B4AC
:1063600060124039C0000034031800127F1400711D
:1063700004184F7A400000547B07001173420091CB
:106380007F0202EBE1F8FF5420104039021800129E
:106390005F14007104184F7A60020054214000918C
:1063A0007F0201EB21FFFF54E00317AA48FFFF978C
:1063B0001F04007181F4FF54000B40F9410000D02C
:1063C0009F0200A921582991004080D2800A00F93B
:1063D0009F5A00B91600805280E20091CAFBFF97D5
:1063E0009AFFFF1722284039BF0200F1202C4039C4
:1063F000423C10534260000B202440392120403998
:106400004020000B0000010B00001A8B5A13809AE9
:10641000F50300AA79FFFF1715FBFFB4D3FFFF17A1
:10642000F5FAFFB5D5FFFF17E50302AAE403012A39
:1064300023008052020080D2010080D262FFFF1749
:10644000FD7BB9A9FD030091F35301A9F55B02A9F6
:10645000F76303A9F96B04A9FB7305A9460000B40F
:10646000DF0000F9A21200B4F70301AAF50300AAA5
:10647000F80306AAF90305AAFC0304AAFA0303AA6F
:10648000E00A40B9FB0302AAA1A30191ED02009426
:10649000F603002AA0090035011480D2200080D222
:1064A000C4F6FF97F30300AAC01000B414000291D1
:1064B00000C00191744200F901008012940600F9B5
:1064C000603A00F9000400F960820191603200F93D
:1064D000000400F9A03740F9602600F9618612290E
:1064E000000440F9776E00A97A0A00F9017840B9F2
:1064F00079F202A9751E00F921010036010040F968
:10650000E10000B43F0700B1A0000054405A40F938
:1065100063520291E203192A7AFAFF97E15E40B9C9
:10652000E1010035A03740F9000440F9016040B9AD
:10653000C1020034609240B9217C409300001C32BB
:10654000609200B9200080D29AF6FF97601200F99D
:10655000C00100B5740180123E0000145AFEFFB560
:10656000609240B9217C409300001F32609200B9D4
:10657000200080D28FF6FF97600A00F940FDFFB53A
:106580007401801238000014150300B5E00313AA4B
:1065900070030094F603002AC0080035E10E40F9AC
:1065A000610400B5950600B5A03740F9000440F934
:1065B000010840F9010700B5980700B5609240B99D
:1065C00000001A32609200B9E003162AF35341A981
:1065D000F55B42A9F76343A9F96B44A9FB7345A98D
:1065E000FD7BC7A8C0035FD6A00240F9016440B993
:1065F000A1000035A02640F9000440F9016840B927
:1066000041060034609240B9217C409300001D3265
:10661000609200B9200080D266F6FF97600E00F904
:10662000400500B57401801205000014E00313AAB0
:1066300020003FD6F403002A60FBFF34609240B98B
:1066400080002036601240F93AF4FF977F1200F97B
:10665000609240B980000836600A40F935F4FF972F
:106660007F0A00F9E00313AAF603142A31F4FF9716
:10667000D6FFFF17A00240F9012040F961F9FFB4ED
:10668000E00313AA20003FD6F403002A80FDFF3563
:10669000C6FFFF17E00313AA20003FD6F403002A29
:1066A000E0FCFF35C5FFFF17130300F9C4FFFF1718
:1066B000F403002AE2FFFF17B6028012C3FFFF17A0
:1066C00076018012C1FFFF17A13E40F9A0C20191DF
:1066D000B43E00F9604200F9810600F9340000F987
:1066E000ABFFFF17FD7BBEA93F001B72FD030091AE
:1066F000F35301A9147C4093E10314AAE001005470
:10670000000880D26EF6FF97F30300AAE00000B401
:10671000E20314AA010080524DFBFF976102148B23
:10672000E00313AA4CF0FF97E00313AAF35341A927
:10673000FD7BC2A8C0035FD6F35341A9200080D2DD
:10674000FD7BC2A81BF6FF17E60305AAE50304AA12
:10675000E40303AA030080D23AFFFF17FD7BBDA923
:10676000FD030091F35301A9F40300AA400040F98E
:10677000F30302AAF55B02A9361C0012F50303AA73
:10678000D9000094C00100B476000034017040B913
:1067900001021036E60315AAE10300AAF55B42A93F
:1067A000E00314AA620E40A905008092F35341A9A8
:1067B000040080D2FD7BC3A822FFFF1720008012B7
:1067C000F35341A9F55B42A9FD7BC3A8C0035FD683
:1067D00000008012FBFFFF17E00C00B4019040B9ED
:1067E0006100003600008052C0035FD6FD7BBEA969
:1067F000FD030091F35301A9F30300AA140040F92B
:10680000805A40B960030035602640F9000440F921
:10681000015C40B981040035611E40F9410500B5B5
:10682000E00313AAE70200942003F837609A00B946
:10683000609240B900000032609200B9E00313AAF0
:106840000603009440020035601E40F9A00600B522
:10685000811E40F9410700B5811240F9E10700B5FA
:10686000E00313AA1603009420010035220000144F
:10687000612240F9A1FCFFB5817240B99AFFFF97F0
:10688000602200F920FCFFB560018012619240B9DE
:1068900021781F12619200B901008012619A00B93B
:1068A00016000014602A40F980FBFFB5217C40935C
:1068B000200080D2BFF5FF97602A00F9E0FAFFB50B
:1068C000F2FFFF17200040F9006040B9C001003519
:1068D000202440F9000440F9006440B9400100352B
:1068E000601E40F9BDFFFF9720FDFF35609240B963
:1068F00080F9073600008052F35341A9FD7BC2A8FE
:10690000C0035FD6612E40F9C1FEFFB5817240B968
:1069100075FFFF97602E00F980FBFFB4F1FFFF17B2
:10692000000040F9012440F941F9FFB4E00313AA43
:1069300020003FD6C0FAFF35C6FFFF17601640F9AA
:106940001F0400B1A0F8FF54E00313AA20003FD6B3
:10695000E0F9FF35C1FFFF17E00313AA20003FD67F
:1069600000F8FF34619240B921781F12619200B99A
:10697000C7FFFF17A0028012C0035FD6600000B4FB
:10698000000840F9C0035FD6000080D2FEFFFF1769
:10699000600000B4000C40F9C0035FD6000080D254
:1069A000FEFFFF17600000B4001040F9C0035FD67F
:1069B000000080D2FEFFFF17600000B4002040F905
:1069C000C0035FD6000080D2FEFFFF17600000B456
:1069D000002840F9C0035FD6000080D2FEFFFF17F9
:1069E000600000B4002C40F9C0035FD6000080D2E4
:1069F000FEFFFF17023840F903C001915F0003EB6F
:106A0000400002D100109F9A200000F9000080523F
:106A1000C0035FD6010040F9221C40F9234040F931
:106A200042C00191610002D17F0002EB21109F9AC8
:106A3000010000F900008052C0035FD6001C40F93D
:106A4000C0035FD6002440F9000440F9000840B9B3
:106A5000C0035FD6019040B921001932019000B9FE
:106A6000C0035FD6FD7BBEA9E403012A0600805265
:106A7000050080D2FD030091F35301A9F40300AA9D
:106A8000022840B9430000B0405A40F963E83F9102
:106A9000871E40F9E12840B9DDF9FF97F30300AA0A
:106AA0001F0400B120010054801E40F9E6FFFF974B
:106AB0001F280071A1000054801E40F9E10313AAB1
:106AC000B5020094F30300AAFE0000946002008B5C
:106AD000F35341A9FD7BC2A8C0035FD601008052D9
:106AE000E1FFFF17FD7BBDA9FD030091F35301A951
:106AF0007300009074000090732208919402199121
:106B0000F51300F9940213CBF50300AAE0EB03B2EE
:106B100094FE4393E0DD9DF2947E009B000F805233
:106B2000944E209B9F0213EBE1000054130080D28F
:106B3000E00313AAF51340F9F35341A9FD7BC3A861
:106B4000C0035FD6610240F9E00315AAF4F9FF978C
:106B500000FFFF3473E20191F3FFFF176100009023
:106B60006200009021801B9142802991420001CB5C
:106B7000E303002AE00301AA42984793221C028BF8
:106B80005F0000EB61000054000080D2C0035FD6BC
:106B9000010840B93F00036BA0FFFF5400000291C1
:106BA000F8FFFF17FD7BBBA9FD030091F35301A97B
:106BB000730000907400009073021991940219916F
:106BC000F55B02A9940213CBF71B00F9F60300AAA8
:106BD000371C0012948E4493150080527412148B4B
:106BE0009F0213EBE1000054E003152AF71B40F964
:106BF000F35341A9F55B42A9FD7BC5A8C0035FD64D
:106C0000E103172AA3230191E20313AAE00316AAC2
:106C1000D3FEFF97010400113F0400718900005466
:106C2000BF0200710018423AB502801A7342009107
:106C3000ECFFFF17FD7BBDA9FD030091F35301A9F4
:106C4000F30300AAF55B02A9F40302AAF50303AA61
:106C5000F60304AAE00301AAA3FFFF97600100B4B2
:106C6000E50316AAE40315AAE20314AAE10300AAA5
:106C7000F55B42A9E00313AAF35341A9030080D2B4
:106C8000FD7BC3A8B1FEFF1720008012F35341A97A
:106C9000F55B42A9FD7BC3A8C0035FD6E40303AA4A
:106CA00003008092E4FFFF17FD7BB8A9FD0300916C
:106CB000F35301A9F40302AAF55B02A9F50301AAA3
:106CC000F76303A9F80300AAF96B04A9FB7305A9EC
:106CD000420000B45F0000F9E00315AA69020094C5
:106CE000A2D30191F70300AA410000D0E00315AA46
:106CF00021E40A9168020094F60300AA200300B47C
:106D00007A0000907300009040230891730219915B
:106D1000730200CBE1EB03B2E1DD9DF2190080527A
:106D200073FE4393737E019B010F80527302219B7C
:106D3000A07740B91F00196BAD010054DBC2398B3D
:106D40005C2308917F021CEB21020054E0031BAA84
:106D50008BF9FF97000400913903000BF5FFFF1733
:106D6000A07740B91F040031410000540000805258
:106D7000F35341A9F55B42A9F76343A9F96B44A911
:106D8000FB7345A9FD7BC8A8C0035FD6820B40F901
:106D9000220100B59CE30191EBFFFF17A23700F938
:106DA000E1031BAA5EF9FF97A23740F9A000003467
:106DB00042400091400040F920FFFFB5F6FFFF1769
:106DC000430440F9A5E30191E40315AAE1031CAAD9
:106DD000E00318AAE20317AA5CFEFF971F4C0031DC
:106DE00060FBFF5460FCFF3534FCFFB4A13F40F969
:106DF000810200F9DFFFFF17FD7BBCA9FD030091B5
:106E0000F55B02A9F50301AAF35301A9F60300AA51
:106E1000F71B00F9E103022AE00315AA771C001210
:106E200016F6FF97F303002A140080527F020071C8
:106E3000EC000054E003142AF71B40F9F35341A976
:106E4000F55B42A9FD7BC4A8C0035FD6B70100353E
:106E5000E103132AE00315AA1AF8FF97C0010034D2
:106E6000020080D2617E4093E00316AA8FFFFF9755
:106E70001F000071801A407A9412801A06000014D4
:106E8000E103132AE00315AA940100941F1C007269
:106E900001FEFF54E103132AE00315AA04F6FF974D
:106EA000F303002AE2FFFF17414A40F9610000B4F2
:106EB000404A40F9C0035FD6000080D2FEFFFF17B2
:106EC000FD7BBFA9FD030091F8FFFF97BBFEFF9775
:106ED000000040F9FD7BC1A8C0035FD6404A40F9DD
:106EE000200200B5FD7BBFA940820291420000B0A4
:106EF00001008052FD030091405200F942A00D9123
:106F0000000400F943420291000080D214FEFF9772
:106F1000E0000035404A40F91F1400F9FD7BC1A88C
:106F20002EFEFF17A0028012C0035FD6FD7BC1A812
:106F3000C0035FD6FD7BBFA9E103002AFD030091DA
:106F4000404A40F918FFFF971F08003141000054E4
:106F500000008052FD7BC1A8C0035FD6021440F937
:106F60005F0400B1C0000054415A40F9430640F9A3
:106F7000E30323AA63000012A0FFFF170000805262
:106F8000C0035FD6444A40F9E303012A020080525D
:106F9000E10300AAE00304AA98FFFF170000805253
:106FA000C0035FD6FD7BBEA9FD030091F30B00F982
:106FB000131C001200008052C9FFFF9780010035AA
:106FC000E003132ADCFFFF9720010035405A40F907
:106FD000E103132AECFFFF97A0000035E003132A1A
:106FE000F30B40F9FD7BC2A8EDFFFF17F30B40F94F
:106FF000FD7BC2A8C0035FD6E403002A404A40F9E3
:10700000E20312AAE00000B4410C4AF8208000D14B
:10701000E10300AA230C42F83F0002EB6100005498
:10702000000080D2C0035FD6010440F9210840B9B6
:107030003F00046B80FFFF54608000D1F5FFFF1715
:10704000FD7BBCA9E503002AFD030091F35301A9D0
:10705000F55B02A9F71B00F9F70301AA3F0000F94D
:10706000E6FFFF97600700B5FF0200F9E003052A7D
:10707000BBFEFF97F60300AA000700B4010680D20A
:10708000200080D2CBF3FF97F30300AAA00600B440
:10709000C15A40B9210200357582009160420091C9
:1070A000768200A942820291751200F9000400F96B
:1070B000415240F9350400F9611200F9C12640F946
:1070C000A20600F9555200F9610100B5F30200F97A
:1070D0001400805219000014217C4093200080D2BB
:1070E000B4F3FF97600200F980FDFFB574018012D0
:1070F00010000014E00313AA20003FD6F403002A76
:1071000060FEFF34C05A40B980000034600240F98C
:1071100088F1FF977F0200F9611240F9A00640F95B
:10712000200400F9010000F97F1200F9BF0600F900
:10713000E00313AA7FF1FF97E003142AF71B40F93D
:10714000F35341A9F55B42A9FD7BC4A8C0035FD6F8
:10715000E00200F9DFFFFF17F40B8012F7FFFF17C3
:1071600074018012F5FFFF17FD7BBDA9FD0300919F
:10717000F35301A9F303012A5F0000F9F40302AA03
:10718000A1A30091AFFFFF9700020035A11740F9BE
:1071900025400091230840F9BF0003EBE0000054B4
:1071A000638001D1E103132AE40303AA820C46F8A9
:1071B000BF0004EB61000054400280120300001481
:1071C000A1000035830200F9F35341A9FD7BC3A858
:1071D000C0035FD621040051438001D1F3FFFF17A4
:1071E0007F0000F93F04003161000054400280122A
:1071F000C0035FD6FD7BBCA9FD030091F35301A939
:10720000F303012AF51300F9F40303AAA1E30091A3
:10721000551C00128BFFFF9720010035A11F40F97C
:10722000240C41F8848001D1E30304AA650C46F8DC
:107230007F0001EBC100005440028012F35341A9CA
:10724000F51340F9FD7BC4A8C0035FD6838852299B
:10725000BF0200716310821A7F00136B610000543B
:10726000840200F9F6FFFF17A48001D1EFFFFF179A
:10727000C1010035FD7BBEA9FD030091F35301A9B7
:10728000F40300AAF30302AA54FDFF97E103002AC6
:1072900040000035740200F9E003012AF35341A9CC
:1072A000FD7BC2A8C0035FD6E003012AC0035FD6FE
:1072B000FD7BBDA9FD030091F30B00F9F30302AAC6
:1072C000A2A300917F0200F9A8FFFF97E103002A23
:1072D000A01740F9E20313AAE6FFFF97F30B40F96A
:1072E000FD7BC3A8C0035FD6FD7BBCA9FD03009155
:1072F000F35301A9A3E30091F51300F9F403002A65
:107300005F0000F9F30302AAF503012A020080528C
:10731000B4FFFF971F4C0031C1000054A3E300915C
:1073200022008052E103152AE003142AADFFFF97E3
:10733000E103002AA01F40F9E20313AACDFFFF9743
:10734000F51340F9F35341A9FD7BC4A8C0035FD6F0
:10735000FD7BBEA9FD030091022440F9F35301A96E
:107360001480019142400091430440F9540400F913
:10737000020C06A9021C40F9740000F9E20100B4F5
:10738000422440F9420440F9421C40F9620100B431
:10739000F30300AA40003FD6A0000034620646A9CD
:1073A000410400F9220000F97F7E06A9F35341A9A8
:1073B000FD7BC2A8C0035FD600008052FCFFFF1710
:1073C000FD7BBDA902008052FD030091F35301A98A
:1073D000F40300AA019440B9A3A30091002440F94A
:1073E000000440F9000840B97EFFFF97F303002A2C
:1073F000E00000341F4C003141020054939640B924
:107400007F060031E101005413008052802640F9CC
:10741000A3A3009102008052E103132A000440F963
:10742000000840B96FFFFF971F4C0031A0000054C7
:1074300000010035730600117F9E0F7181FEFF541D
:10744000E003132AF35341A9FD7BC3A8C0035FD611
:10745000F303002AFBFFFF17FD7BBEA9FD0300918C
:10746000012440F9210440F9211040F9F30B00F9FF
:10747000F30300AAA10000B5601E40F9000100B5A9
:10748000000080520300001420003FD660FFFF344C
:10749000F30B40F9FD7BC2A8C0035FD6002440F97E
:1074A000000440F9012040F9C1FEFFB4E00313AA33
:1074B000F30B40F9FD7BC2A820001FD6012440F940
:1074C000210440F9211440F9410000B420001FD6E6
:1074D00000008052C0035FD6FD7BBEA9420000B011
:1074E000030080D242580091FD030091F35301A99B
:1074F000F30300AAF403012A9DF5FF97800100B56C
:10750000030080D2420000B0E103142A42A8009197
:10751000E00313AA96F5FF971F0000F1E0079F1AFA
:10752000F35341A9FD7BC2A8C0035FD6200080525F
:10753000FCFFFF17FD7BBDA9410000B0630080D2B6
:1075400021981A91FD030091F30B00F9F30300AAAF
:10755000001440F9A28300914300009420010035FB
:10756000E00313AA10FDFF97A12340B9010000B961
:10757000A12740B9010800B9A12B40B9010400B905
:10758000E00313AA76FEFF97F30B40F9FD7BC3A837
:10759000C0035FD6FD7BBEA9FD030091F30B00F98C
:1075A000F30301AA00FDFF97010040B9E203012A9D
:1075B0005F0013EB08010054030440B92100030BE2
:1075C0003F0013EB89000054010840B93300138BCE
:1075D000730202CBE00313AAF30B40F9FD7BC2A8B0
:1075E000C0035FD6FD7BBDA9FD030091445A40F95D
:1075F000A3B30091F30B00F9F30302AAE20301AA7B
:10760000E103002AE00304AA59F5FF97800000B4C3
:10761000A12F40B93F0C0071A8000054A0028012B5
:10762000F30B40F9FD7BC3A8C0035FD6000040B94F
:107630000008C05A600200B900008052F9FFFF172D
:10764000FD7BBEA9FD030091A383009162CC1FB80E
:10765000E20303AAE4FFFF97A01F40B9FD7BC2A885
:10766000C0035FD6455A40F9E403032AE30302AAA4
:10767000E20301AAE103002AE00305AA7CF6FF1752
:10768000435A40F9E103002A020080D2E00303AA32
:1076900091F4FF17445A40F9E30302AAE20301AA56
:1076A000E103002AE00304AA31F5FF17FD7BBFA91F
:1076B000020080D2FD030091F7FFFF971F0000F149
:1076C000E0079F1AFD7BC1A8C0035FD6445A40F96A
:1076D000E30302AAE20301AAE103002AE00304AAE9
:1076E000F5F6FF17FD7BBBA902018052FD03009157
:1076F000A10F00F9E10300B2A11300F9014080528B
:10770000A2630079A2028052A12B00B9A1C300910B
:10771000A2FF0629A263009112050094FD7BC5A873
:10772000C0035FD6FD7BBCA9FD030091F30B00F9FC
:10773000F30300AA20008052A04300792000805269
:10774000A02700B9BF2B00B941010034620240F903
:10775000602E40B9420C40B9013C191200040312DA
:10776000000002322100020A2000002AA02B00B9EA
:10777000020080D2A1830091E00313AAF9040094CF
:1077800060000035A12F40B9612E00B9F30B40F91C
:10779000FD7BC4A8C0035FD6FD7BBCA9FD0300919F
:1077A000F30B00F9F30300AA007D80D29AF7FF974C
:1077B000E00313AABF430079020080D2A1830091A5
:1077C000BFFF0429E7040094F303002A600000359A
:1077D00000FA80D290F7FF97E003132AF30B40F9E9
:1077E000FD7BC4A8C0035FD63F1C0071C8030054D2
:1077F000FD7BBEA94200009042E02991FD0300916B
:10780000F35301A942486138630000106288228B5B
:1078100040001FD6014840F9014400F9146C40B9FA
:10782000134440F904050094F403142A730AD49A0B
:10783000130800F900008052F35341A9FD7BC2A850
:10784000C0035FD6014C40F9F4FFFF17015040F927
:10785000F2FFFF172110005101CC218B215440F978
:10786000EEFFFF1700008012C0035FD6FD7BBBA9AF
:10787000FD030091F55B02A9F50300AAA001805267
:10788000F35301A9A0630079A0028052A03700B988
:1078900016108852A0C24079F303012AB400805226
:1078A00036BFBF72003C1053A03B00B9020080D22B
:1078B000A1C30091E00315AAAA04009400020035B8
:1078C000A13F40B981004036200C17121F003871CB
:1078D000810200543F00166A60010054400000B06D
:1078E00000D80D91BDF8FF97A0088012F35341A96D
:1078F000F55B42A9FD7BC5A8C0035FD69406007165
:1079000064FFFF5473060051600600111F000071F0
:107910008D000054007D80D23FF7FF97E4FFFF17F2
:10792000000080527F0200712CFEFF54400000B026
:1079300000300E91A9F8FF97A00D8012ECFFFF1701
:1079400002DC40B982010035FD7BBDA902028052F4
:10795000FD030091A2230079A2028052A28702298E
:10796000A1430091020080D27E040094FD7BC3A855
:10797000C0035FD600008052C0035FD6FD7BB6A96E
:10798000FD030091F35301A9F55B02A9F50302AAD7
:10799000F76303A9F70301AAF96B04A9F90303AA82
:1079A000FB2B00F900FCFF97350200B4F30300AA9B
:1079B000000440B98B040094F40300AA800100B4D1
:1079C000612E4039E00313AA291700940001F8370B
:1079D000620A40F9A102178B3F0002EBC900005474
:1079E000400000B000B00B917CF8FF97150080D2EA
:1079F00037000014816E40B9E00314AAD1FFFF974D
:107A000060FFFF355A0000B0F60315AA5A630C91C7
:107A10003B028052800240F9816E40B9821E40B91B
:107A2000131840B940028052B93700F97F0216EBB3
:107A30007392969AB3870E297F0600F100809B1AF5
:107A4000A0030179207C171B5F000071A103029144
:107A5000A2A30191E012801AA08B00B9A00280526B
:107A6000A08700B920008052A07300B9E00314AAD7
:107A70003C040094F803002AE00300357F0600F17F
:107A80006903005480018052A0030179A003805251
:107A9000020080D2A0FF1029A1030291E00314AAE2
:107AA0003004009440020034E0031AAA4BF8FF9718
:107AB0007FC238EBC1F9FF54806E40B9F702138BD7
:107AC000D60213EB1964139B61FAFF54E00315AA65
:107AD000FB2B40F9F35341A9F55B42A9F76343A996
:107AE000F96B44A9FD7BCAA8C0035FD6F803132A2B
:107AF000F0FFFF1718008052EEFFFF17FD7BBCA9B7
:107B0000631C185363040832421C1053FD03009198
:107B1000F35301A9F40300AAC00080526300022AB3
:107B2000A043007973008052A0038052A08F0429E3
:107B3000020080D2A1830091E00314AA09040094FA
:107B4000E0000035017D8052E00314AA48FFFF9752
:107B5000F35341A9FD7BC4A8C0035FD6730600712F
:107B600081FEFF54FBFFFF17FD7BBDA98209801238
:107B7000FD030091F35301A9F40300AAF55B02A9E8
:107B8000361C0012F503012AC30A00120194413980
:107B900021701D122300032A21008052D8FFFF9775
:107BA000A0000034BF020071F303002A0008533A1A
:107BB00001010054E103152AE00314AA0BFFFF970B
:107BC000F303002AE00314AA1B040094162C0039C6
:107BD000E003132AF35341A9F55B42A9FD7BC3A837
:107BE000C0035FD6040040F9821440B95F00016B06
:107BF0004190811A821040B95F00016B4120811AC7
:107C0000012400B9AA030014FFC317D14100805218
:107C1000020080D2FD7B00A9FD030091A123017920
:107C2000E1008052F35301A9F30300AAF55B02A916
:107C3000A1FF1229A1430291F76303A9F96B04A9DB
:107C4000FB2B00F9C7030094F503002A804D003593
:107C5000020280D2A17302916042019118F6FF974F
:107C600060008052A023017960C24079020080D276
:107C7000A1430291003C1053A09B00B9A002805286
:107C8000A09700B9E00313AAB6030094F503002AF5
:107C9000604B0035600A40B96000F836A03F41797A
:107CA00060C2007920018052A0230179E000805257
:107CB000A09700B960C24079020080D2A14302912E
:107CC000003C1053A09B00B9E00313AAA503009445
:107CD000F503002A40490035A2835329620208298E
:107CE000A193542961120929650A40B90300A852D9
:107CF000BF00036BC101005443745AD363040051A5
:107D00007F0C0071E800005445000090A5002A9106
:107D1000A348633865000010A388238B60001FD63A
:107D2000034080522300A872630A00B9451843D368
:107D3000430000B063F00F9142084092660A40B9D8
:107D4000846456D36368653845000090A570299116
:107D5000DF000071A27862B805304CD3653600B9F7
:107D6000627C021B23008052626A00B9024C50D32D
:107D70006220C21A6320C41A43B0831A628E0D298E
:107D8000631E40B9E30B0034001410530040412A35
:107D9000010180D221080011000400917F7E0AA910
:107DA0005F0008710020C19A417C40937F7E0BA93F
:107DB0007F6200F9007C019B607E09A96D00005480
:107DC00000408052606E00B9607240B91F000871B7
:107DD0006900005400408052607200B9050200340E
:107DE000603240B91F040031A0010054810080526C
:107DF000003C1053A1230179020080D2BF831229D5
:107E0000A1430291E00313AA5603009480000034BA
:107E1000400000B0009C0F9170F7FF97E000805287
:107E2000A0230179A0028052A09700B960C24079D6
:107E3000020080D2A1430291003C1053A09B00B9E4
:107E4000E00313AA47030094F503002A803D0035A0
:107E500020008052607600B90000801260960139DF
:107E6000600A40B981FFB752B4BF06910000010B10
:107E700094E67A928100B8121F00016BC811005479
:107E8000E10314AAE00313AA17FEFF97F503002AE3
:107E9000603B0035800243391F040071E900005443
:107EA00081D680B921D877D322FC54D35F0020F14A
:107EB00049000054614A00F9000400511F1C007180
:107EC000E80200544100009021102A912058607867
:107ED0006100001020A8208B00001FD60380805274
:107EE00091FFFF17034080524300A8728FFFFF17D6
:107EF0006300A8528DFFFF178300A8528BFFFF1766
:107F000000241E530078412A21444FD3A2FFFF17BB
:107F1000002080528000A872600A00B98182423934
:107F2000966E4239618A0139D6020012808A43393D
:107F3000410000376000003481CE4239619601393A
:107F4000B6000034818242396100083681724239BC
:107F5000618E0139001C6FD3604E00F963A202915B
:107F60008576029180A2423902008052260080521A
:107F7000001C6FD3605200F9804602910400403922
:107F800001F05F38843C10538120010B04E05F381E
:107F90002100042B4200861AF60000348482433903
:107FA000847C219B81764339217C049B21B06DD355
:107FB000610000F9000C0091632000911F0005EBA7
:107FC000E1FDFF549603003481364239803A42394C
:107FD000215C18532040000B813242390000010B14
:107FE00081824339217C209B80764339007C019B30
:107FF00000B06DD3606A00F9812A4239802E42397F
:10800000213C10532160000B802642392020000BB8
:10801000812242390000010B611E40B9007C40936F
:10802000606600F96100003400D877D3606600F91B
:1080300022008052808242398000003680724239AC
:108040001F1040F2410000544201003423008052CE
:10805000020A8012E103032AE00313AAA8FEFF9795
:10806000F503002AC02C00352000805280BE023962
:1080700080BE42398182433980080036205416532D
:10808000607600B9601E40B9A0000034960000344C
:1080900080D680B900D877D3604A00F9807643391A
:1080A00021541653217C001B617A00B9809E42390D
:1080B00060920139E00313AADF020094012C4039D9
:1080C000E00313AAC9FDFF97F503002A80290035B4
:1080D000600A40B9C018F836E0068052A063017902
:1080E00060C24079B70280527F2A00B9020080D274
:1080F000A1C30291003C1053B7831629E00313AAD1
:108100009802009440020035B6BF04916006805288
:10811000D6E67A92A0630179B7FF1629F80300B278
:108120001901805297008052A2830191A1C302914C
:10813000E00313AAB66306A9B97300B989020094D3
:1081400020030034F706007101FFFF54F503002AF5
:108150002B010014004080526FFFFF170060805217
:108160006DFFFF17208080526BFFFF1700A0805229
:1081700069FFFF17A000A85268FFFF170020805278
:10818000A000A87265FFFF17604A40B902384AD3C1
:10819000002445D3000400114000001B607600B9A4
:1081A000BFFFFF17C00240B90008C05A603A00B9CB
:1081B000C10640B92108C05A613E00B9016C58D3CC
:1081C0003F040071600900543F08007180090054A9
:1081D0002100B052610A00B980009036602A40B98F
:1081E00000001E32602A00B9610A40B92000B05276
:1081F0003F00006BE1080054600240F9612A40B979
:10820000000840B90000010A610A40B9602A00B9BB
:108210006118F8362003103660C24079E1068052BA
:10822000B4028052A1230179020080D2A1430291BD
:10823000003C1053B4831229E00313AA49020094AE
:1082400060F8FF35C0008052A023017940008052C1
:10825000020080D2B4831229A1430291E00313AA41
:108260004002009440F7FF3580008052602200B940
:10827000E00313AA0E020094E0068052A0E3017905
:1082800060C24079B6028052020080D2A1C303913D
:10829000003C1053B6831E29E00313AA3102009458
:1082A00060F5FF35B4BF0F91A001805294E67A9239
:1082B000A0E30179F70314AAB6FF1E29F80300B260
:1082C0001908805296008052A2430391A1C30391E2
:1082D000E00313AAB4630DA9B9E300B92102009425
:1082E000C00C0034D606007101FFFF5498FFFF1741
:1082F000014081522100B072B7FFFF171F0071F2D9
:108300004100B0526200B0522100821AB2FFFF1742
:10831000B6BF0F913AFE9F52D6E67A92B7008052CE
:10832000D8008052B9028052FA1FA072F70600717D
:10833000E0010054E00300B2B68307A900088052B0
:10834000B8A30179A08B00B9A2E30191A1430391E5
:10835000B9EB1A29E00313AA0202009480EFFF355B
:10836000C01E40B90008C05A20FE8F37C00E40B969
:108370000008C05A20F48F36600240F9000840B966
:10838000000400121F0C007181F3FF54C0008052E2
:10839000A0A30179A0028052A0D700B920FE9F526D
:1083A000A2E30191E01FB072A0DB00B9E00300B2CC
:1083B000A04300F900088052A1430391B63F00F9A1
:1083C000A08B00B9E00313AAE601009400ECFF358E
:1083D000C11240B9602A40B9210C00123F0400715B
:1083E000C1F0FF54000000322000001481FFB712DA
:1083F0001F00016BE903005480018052B6BF0F914A
:10840000602A00B9D6E67A92E10316AAE00313AA1D
:10841000B5FCFF97C0E9FF3523008052D7124339DE
:10842000C2088012E103032AE00313AAB4FDFF97F8
:10843000E0E8FF35E10316AAE00313AAAAFCFF97C0
:1084400060E8FF35C0E6423980EDFF34602A40B96C
:10845000B7FC0F367700103600001B32602A00B9D7
:10846000602A40B900040032602A00B963FFFF1798
:108470007F2A00B961FFFF1781020191800240B994
:108480000008C05A804600B89F0201EB81FFFF54EC
:10849000E10A40B9203C4CD31F240071A9000054CC
:1084A000630A40B96200B0527F00026B610200545F
:1084B000E003002A220000F042502A91211C1853A8
:1084C000407860B8607E00B9E00E40B92160402A73
:1084D000025C52D33F0000714418407AE00000541F
:1084E000037D8052004450D3427C031B007C031B5D
:1084F0004108C11A61021029602A40B901088F524F
:10850000A12FA0721F0040F200109E52405FA07287
:108510000010811A606A00B91600001480FFB712BB
:108520003F00006B69020054B6BF0F91390000F0A4
:108530003A0000F03B0000F0D6E67A9239B3289179
:108540005A0329917B532B9100008052170080D24F
:10855000E36A79B8585B63B843060035612240B9D5
:108560003F040071E1050054602A40B9600B0037F8
:10857000616A40B9E00313AA9BFDFF9760DE40B932
:10858000600000340040805260820D29E00313AA8D
:10859000A90100941F1400791F300039626E40B9A0
:1085A0005FF00172E3079F1A5FE40272E4079F1A0B
:1085B0005FCC0472E503022A6304040BE4079F1AEC
:1085C0005F9C08726408040BE3079F1A5F3C1072FB
:1085D000624640F9840C030BE3079F1A1F90003991
:1085E0008310030B032000B94208C59A1F340139D8
:1085F0001F880139021401A964F6FF97E003152AC8
:10860000FB2B40F9FD7B40A9F35341A9F55B42A93F
:10861000F76343A9F96B44A9FFC31791C0035FD661
:10862000612A40B91F03216AA10200540209801285
:1086300021008052E00313AA31FDFF9700020035AC
:10864000E06A7BB8181745D3602200B9E00313AA8B
:1086500078DE00B916010094E10316AAE00313AA1C
:1086600021FCFF97C000003581824239C082423927
:108670003F00006BE000005420098012F7120091C7
:10868000FF5200F161F6FF5420D6FF35B7FFFF1708
:1086900081764339C07643393F00006BE1FEFF54D9
:1086A00081024339C00243393F00006B61FEFF5431
:1086B00081824339C08243393F00006BE1FDFF54A2
:1086C000820080D2C15203918052039198F3FF97A8
:1086D00040FDFF35A5FFFF171F007FF201509752A5
:1086E00000A08E528131A0722063A07289FFFF1713
:1086F000FD7BB9A9FD030091F35301A9F30300AA7F
:10870000F55B02A9F76303A9F96B04A9F1000094D2
:10871000A00100357F1A00B940000090540F80126C
:1087200000A00E912DF5FF97E003142AF35341A901
:10873000F55B42A9F76343A9F96B44A9FD7BC7A880
:10874000C0035FD6601A40B9600D00353400805216
:10875000742200B97FDE00B9E00313AAD4000094AC
:10876000E103142AE00313AA1FFDFF97E00313AAF5
:108770000AFCFF97F403002A80FDFF35E00313AAEB
:108780002D0100941F2C003900018052A0A3007914
:1087900041158052600240F9020080D2000C40B9BD
:1087A0001F201172403580520010811AA05B00B961
:1087B000A0028052A1430191A05700B9E00313AA7F
:1087C000E8000094C0000035A07341391FA8027171
:1087D000610000544000B052600A00B9357D8052FB
:1087E000F6068052B7028052380580523900805216
:1087F0005A00B052B6A30079020080D2A143019181
:10880000E00313AAB7FF0A29D600009480040035BC
:10881000600240F9610A40B9B8A30079000C40B980
:108820003F001A6B00201112B9830A29610000541D
:1088300000000232A05B00B9020080D2A143019186
:10884000E00313AAC7000094A0020035A05F40B95E
:10885000C000F837B5060071A0040054007D80D236
:108860006DF3FF97E4FFFF17620A40B94100B05271
:108870005F00016B600000542100B052610A00B932
:10888000602E00B900785ED3601E00B97FC2007907
:108890002000805260660339A4FFFF171FB8013122
:1088A000E1020054E00313AABCFBFF9701008052D1
:1088B000E00313AA9CFBFF9740010035602E40B9EE
:1088C0008000F8362000805260620339F1FFFF1704
:1088D00021008052E00313AA93FBFF9740FFFF346F
:1088E0004000009000F80E91BCF4FF97D40B80126A
:1088F0008EFFFF17140080528CFFFF17F403002A2D
:108900008AFFFF17FD7BBDA9FD030091F35301A969
:10891000F30300AA007040F9F55B02A92CF8FF9759
:10892000130000F9601A40B980080035000080D2B9
:1089300017F3FF97F50300AA60664339400100343E
:10894000606243397F660339A0020035E00313AA51
:10895000AEFCFF97F403002A200600347F1A00B90A
:1089600005000014E00313AA62FFFF97F403002A36
:1089700080FEFF34E003152A05F3FF97E203142A73
:10898000E30300AA210000F040000090214C2C914C
:1089900000CC0C9191F4FF9723000014602E40B995
:1089A0007F6203398002F837E00313AA7BFBFF974D
:1089B000000080D2F6F2FF97F603002A21008052D1
:1089C000E00313AA58FBFF97F403002A80FCFF354D
:1089D000602E40B90001F837E00316AAECF2FF97C9
:1089E0001FA00FF188010054800C80D20AF3FF977A
:1089F000F3FFFF170000A852600A00B9602E40B9CB
:108A000000785ED3601E00B92000805260C20079F9
:108A1000CFFFFF17D40B8012D1FFFF172000805229
:108A2000601A00B9E003142AF35341A9F55B42A987
:108A3000FD7BC3A8C0035FD614008052FAFFFF1766
:108A4000C007A090017840B921010035FD7BBFA986
:108A500021008052FD030091017800B9820000944A
:108A600000008052FD7BC1A8C0035FD60000805289
:108A7000C0035FD6FD7BBFA9FD030091F0F7FF9710
:108A8000D3F7FF97000040F9FD7BC1A89EFFFF17B9
:108A9000010040F9213440F9210440F9410000B4BB
:108AA00020001FD6A0048012C0035FD6007040F9DA
:108AB000F8FFFF17010040F9213440F9210840F97F
:108AC000410000B420001FD6A0048012C0035FD66E
:108AD000007040F9F8FFFF17019040B9E10000363F
:108AE000FD7BBFA9FD030091B9F7FF97000040F996
:108AF000FD7BC1A8C0035FD6000080D2C0035FD653
:108B0000FD7BBDA9FD030091F35301A9F30300AA66
:108B1000F51300F9F40301AAF50302AAEFFFFF978A
:108B2000600240F9003440F9030040F9030100B449
:108B3000E20315AAE10314AAE00313AAF51340F90E
:108B4000F35341A9FD7BC3A860001FD6A004801287
:108B5000F51340F9F35341A9FD7BC3A8C0035FD6C9
:108B6000007040F9E7FFFF17FD7BBDA9FD030091F1
:108B7000F35301A9F403012AF51300F9F50300AA40
:108B8000AFF7FF97D5FFFF97F30300AAE00315AAFD
:108B900085F7FF97002C40391F00146B40010054EB
:108BA000609641391FFC037180010054E103142ACF
:108BB000E00313AAF35341A9F51340F9FD7BC3A8C1
:108BC000EAFBFF1700008052F35341A9F51340F967
:108BD000FD7BC3A8C0035FD6600F8012FBFFFF17A9
:108BE000FD7BBDA9E103002AFD030091F30B00F911
:108BF000A2A30091F303002AC00080529E120094A9
:108C000020010034E103132A40000090001C089169
:108C1000F2F3FF97000080D2F30B40F9FD7BC3A86D
:108C2000C0035FD6A01740F985F7FF97ABFFFF970A
:108C3000FAFFFF17FD7BBEA9FD030091007040F90C
:108C4000A16300916CF7FF97A00F40F9800000B47A
:108C500055F7FF97FD7BC2A8C0035FD6000080D206
:108C6000FDFFFF17FD7BBDA940048052FD0300916D
:108C7000F30B00F9A1A30091F2F8FF972001003552
:108C8000A01740F9130840F9A01740F9738201D1E9
:108C900061820191004000913F0000EB810000548F
:108CA000F30B40F9FD7BC3A8C0035FD6E00313AA12
:108CB0008AFFFF97800000B4016843394100003407
:108CC0008CFEFF97733240F9F0FFFF17FD7BBCA9C4
:108CD000FD030091030040F9F35301A9F55B02A9DC
:108CE000633440F9030400B4F40300AAF50302AAB4
:108CF000F30301AAA7E30091060080D20540805249
:108D000004008012C3008052420000904100009095
:108D100042A00B9121900B9113130094F603002AAB
:108D200080010035A01F40F91FF7FF97750200F979
:108D3000740A00F9E17F40B2611A00F92100805203
:108D400001340039A172403901200039747200F9F0
:108D5000E003162AF35341A9F55B42A9FD7BC4A8A1
:108D6000C0035FD6B6048012FAFFFF17BF3F03D5DA
:108D7000020040F9410000B9217D80D2210400F1B8
:108D80006100005400008052C0035FD6020040F929
:108D9000420040B9BF3F03D55F0840F201FFFF54D6
:108DA00020008052F9FFFF17FD7BB7A9FD0300915A
:108DB000F35301A9F40302AAF55B02A9F50301AA82
:108DC000F76303A9F96B04A9FB7305A943FFFF9798
:108DD000130840F9941500B4800E40B9001C00112E
:108DE000007C035300E47AD300FC0091003C009126
:108DF00000EC7C92FF6320CB000080D2F603009150
:108E0000E3F1FF97F70300AA600640F9004840B974
:108E1000BF3F03D5C0134837BF3F03D5600640F9B5
:108E200001008012014400B9140200B4608241398B
:108E300077220091821240B960140034BF3F03D5FD
:108E4000600640F9021C00B981824129007C011BA7
:108E5000BF3F03D5610640F9202000B94100805290
:108E6000E00317AAC2FFFF97A10A40B9BF3F03D58D
:108E7000600640F9012800B9541C00B4800A40B9CA
:108E800001C080D21F007FF2004080D22110809A62
:108E9000A30640B9400180526000000A1F280071FB
:108EA000C0200054A2024079200012322100133267
:108EB0005F3000712010801AA300003601001A32C2
:108EC0007F007FF200041A320010811A430010362E
:108ED000000018320100B4524200012A4000002A6A
:108EE000BF3F03D5610640F9202C00B921D4905230
:108EF0002100A07221040071200D0054600640F989
:108F0000004440B9BF3F03D560FF1736940000B559
:108F1000BF3F03D5610640F9204400B9000C40373B
:108F2000001D0837A10640B941020036600640F92D
:108F3000C1160836003C40B9BF3F03D5A00E00B9AA
:108F4000600640F9003840B9BF3F03D5A01200B910
:108F5000600640F9003440B9BF3F03D5A01600B900
:108F6000600640F9003040B9BF3F03D5A01A00B9F0
:108F7000141A00B4000080D285F1FF97FA0300AA0A
:108F8000786E407980D64129193095D2182F1F5319
:108F9000960240F9180B00111BD09752B57E001BAA
:108FA0001C028052020480527900A0F2B57E025366
:108FB000600640F9174440B9BF3F03D5FF021B6A62
:108FC000011700546082413900030034F502003477
:108FD000800A40B91F040071C1120054770228367C
:108FE000600640F9004840B9BF3F03D5007451D333
:108FF000010080D21F00156B0090951A1F00016BB5
:10900000C8100054D64A208B1F00156B6200005414
:10901000B502006B61FEFF54BF3F03D5600640F907
:10902000024400B91500805217141837E0031AAA39
:1090300057F1FF97020480521F0019EBA9FBFF5460
:10904000B40D8012BF3F03D5600640F961824139FB
:10905000174400B921010035000040B9BF3F03D5D6
:1090600000781A12BF3F03D5610640F9200000B90D
:10907000A0A301911CE9FF97800C80D266F1FF97B5
:1090800008000014E00780D259FFFF17E00317AA79
:109090003FF1FF971FD007F189EBFF54B40D801209
:1090A000BF030091E003142AF35341A9F55B42A9E1
:1090B000F76343A9F96B44A9FB7345A9FD7BC9A8D4
:1090C000C0035FD6800E40B9810240F9427C001B8C
:1090D000800A40B91F0400712105005443008052EA
:1090E000A0A30191DEE8FF97C4FE0091850E40B970
:1090F00084E47A92A73B40F9E30304AA410080523A
:10910000E00317AA1AFFFF97BF3F03D5600640F997
:109110000A0280528B028052020080520A00B07212
:109120000B00B072048800B9861240B9C8701D5394
:109130005F000071E0179F1ABF20007100701D537F
:1091400028020054A17C061B00000B2A60040029A1
:10915000E030020B600800B960000111600C00B93A
:10916000BF2000716100019149010054A520005108
:10917000E30301AA42040011EEFFFF17230080520F
:10918000D8FFFF1700000A2AE103082AF0FFFF17A3
:10919000E00304AAB0E5FF97600640F9000040B97B
:1091A000BF3F03D5010480520140A0720000012A94
:1091B000BF3F03D5610640F9200000B9208040B9C7
:1091C000BF3F03D5411080520000012ABF3F03D5A5
:1091D000610640F9208000B9811240B9BF3F03D534
:1091E000600640F9011C00B981824129007C011B05
:1091F000BF3F03D5610640F9202000B91BFFFF17D0
:109200000100805223FFFF17003040B9BF3F03D554
:10921000A00E00B957FFFF17630640F9630042B97B
:10922000BF3F03D5C37A21B82104009174FFFF1713
:109230001F080071A1EFFF5497EF2736600640F931
:10924000004840B9BF3F03D5007451D3010080D21C
:109250000003004B1F00156B0090951A1F00016B57
:1092600048010054D64A208B1F00156B6200005441
:10927000B502006B41FEFF54BF3F03D5600640F9C5
:109280001C4400B968FFFF17C47A61B8BF3F03D51B
:10929000630640F921040091640002B9F0FFFF1752
:1092A000B402801268FFFF171400805266FFFF1798
:1092B0001400805271FFFF171400801279FFFF170E
:1092C0009400801277FFFF17FD7BBEA9FD0300917C
:1092D000022C40F9F35301A9F30300AAF403012A75
:1092E000220400B440003FD6E103002A3F4034EBA3
:1092F00020040054827A1F53400400D10000018BE7
:109300000008C29ABF3F03D5610640F93F1000B97B
:10931000BF3F03D5610640F93F0C00B9BF3F03D5FD
:10932000610640F9200800B9BF3F03D5600640F947
:10933000010084520104B072012C00B940E2845251
:10934000610640F9212C40B9BF3F03D500040071EC
:1093500061010054A00D8012F35341A9FD7BC2A806
:10936000C0035FD6002040B900FCFF35A002801288
:10937000FAFFFF1700008052E3FFFF1721FEFF37BF
:10938000BF3F03D5600640F9E1830032011000B908
:10939000BF3F03D5600640F9010084520104B0725A
:1093A000012C00B940E28452610640F9212C40B9F9
:1093B000BF3F03D500040071E0FCFF5461FFFF379D
:1093C00000008052741E00B9E4FFFF17FD7BBEA9A8
:1093D000FD030091F35301A9C0FDFF97130840F965
:1093E000F40300AA012440B9601E40B93F00006B9D
:1093F0008000005461000034E00313AAB3FFFF971C
:10940000802240B91F100071200300541F200071FA
:10941000E0179F1A003C1053BF3F03D5610640F987
:10942000201800B9207440B9BF3F03D582DE40B98F
:109430000100103200780F125F0000710000811AE5
:10944000BF3F03D5610640F9207400B9612640F999
:10945000610000B4E00313AA20003FD60000805250
:10946000F35341A9FD7BC2A8C0035FD62000805200
:10947000EAFFFF17240040F9030802290210805276
:109480000206A072233040B9020C00B9221440B980
:109490007F200071040000F941781C1242781D12EF
:1094A00021001E3242001D324200811A01208052EA
:1094B00042040032020800B9011800B9C0035FD6A7
:1094C00003FEFF17012040F9206C40B9216840B924
:1094D00000081C53210800120000012A21FABFD203
:1094E00022A440B942781A1222A400B9BF3F03D582
:1094F000020084D222FABFF2402800B920A440B969
:1095000000001B3220A400B9C0035FD6FD7BBDA9BB
:10951000FD030091F35301A9F40300AAF55B02A92E
:1095200042DDFF97F603002AE00314AA23F5FF9714
:1095300036010035200000F000B41A91A7F1FF9722
:10954000A0028012F35341A9F55B42A9FD7BC3A899
:10955000C0035FD6F30300AA812A40B9405A40F9FC
:10956000220000F003008052421C1B9123EEFF9763
:109570008000F836200000F000481B91F0FFFF1734
:10958000157C0113800640F9600200F9E00314AA7B
:1095900053F5FF97812A40B983008052600600F995
:1095A000220000F0405A40F94230249113EEFF9718
:1095B000812A40B963008052603200B900000090F7
:1095C00000101391602600F9A0060051B502033285
:1095D000762200B9220000F0B542002A405A40F934
:1095E0007F2A00B942BC1B91753600B913EEFF9774
:1095F000812A40B903008052606A00B9220000F05D
:10960000405A40F942D81B910CEEFF97732200F9A3
:10961000606E00B900008052CBFFFF17FD7BBDA933
:10962000FD030091F35301A9F55B02A9F50300AA1C
:10963000D3F4FF97F30300AAE00315AAE4F4FF971D
:10964000F60300AAE00315AADCF4FF97F40300AACE
:1096500003508352E10300AAC300A072E00313AADF
:10966000822240B984FFFF9760820091801E00F93A
:10967000741A00F9C00200F900008052758200F9E6
:10968000F35341A9F55B42A9FD7BC3A8C0035FD694
:10969000FD7BBEA9FD030091F30B00F9F30300AAC3
:1096A000B7F4FF97E20300AA01800091E00313AA38
:1096B000F30B40F9FD7BC2A882FFFF17400640F97B
:1096C00020010037FD7BBFA9FD03009167000094D6
:1096D000200100B5200000F000140991ACE7FF97CD
:1096E00001EFFF97A007A0F0004040F9C0FEFFB4D3
:1096F000C0035FD6FD7BC1A8C0035FD6FD7BBFA9B9
:10970000FD030091400640F9000078B2400600F9E0
:10971000EBFFFF97000840F9FD7BC1A800001FD6B2
:10972000FD7BBEA9FD030091F30B00F9131C001291
:10973000E3FFFF97011C40F9E003132AF30B40F904
:10974000FD7BC2A820001FD6FD7BBEA901209C5234
:10975000A1BEA072FD030091421240B9F30B00F9C3
:10976000130084D213F8BFF2E00313AA420000945E
:10977000E103002AE00313AA430000940000805292
:10978000F30B40F9FD7BC2A8C0035FD6FD7BBEA9E9
:1097900001209C52A1BEA072FD030091421240B96B
:1097A000F30B00F9130084D213F8BFF2E00313AAFD
:1097B00031000094E103002AE00313AAF30B40F9FF
:1097C000FD7BC2A841000014000084D200F8BFF263
:1097D00063000014FD7BBFA9000084D200F8BFF233
:1097E000FD03009152000094001C0012FD7BC1A8F3
:1097F000C0035FD6FD7BBEA9FD030091F30B00F90A
:10980000131C00127F2A0071A1000054000084D2B2
:10981000A101805200F8BFF23D000094E103132A39
:10982000F30B40F9FD7BC2A8000084D200F8BFF220
:1098300037000014FD7BBEA9FD030091F30B00F976
:10984000F30300AA6002403980000035F30B40F9B1
:10985000FD7BC2A8C0035FD673060091E6FFFF97A9
:10986000F9FFFF17E4FFFF174000009000C01E91B2
:10987000C0035FD6426C1C532004420B0008C21A7E
:10988000C0035FD6021440B9E2FF37361F0400B9A7
:1098900062008052021000B9E3008052030800B950
:1098A0003F0400310001005463108052030C00B9E2
:1098B000231C0012030000B9213C48D3010400B965
:1098C000020C00B9C0035FD61F0400B963108052B8
:1098D000030C00B9620080521F0000B9E4008052FE
:1098E0001F0400B9020C00B9021000B9040800B945
:1098F000030C00B9231C0012030000B9213C48D31B
:10990000010400B9020C00B9C0035FD6211C00128B
:10991000021440B9E2FF2F36010000B93F28007160
:10992000410000541B0F0014C0035FD6FD7BBEA98D
:10993000FD030091F30B00F9F30300AA601640B990
:10994000A0000036600240B9F30B40F9FD7BC2A8CD
:10995000C0035FD60F0F0094F9FFFF17001440B942
:1099600000000012C0035FD600008052C0035FD623
:10997000040040F9843440F9840040F980001FD687
:10998000FD7BBDA9250000F0A5A01D91FD03009160
:10999000F30B00F9A7830091F30304AAA6A3009197
:1099A000240000F084503291EC04009480000035D3
:1099B000A11340F9210040F9610200F9F30B40F9CD
:1099C000FD7BC3A8C0035FD6FD7BBEA9FD0300914C
:1099D000A4630091EBFFFF97A0000035A00F40F9B2
:1099E000FBF3FF97FD7BC2A8C0035FD6000080D2C7
:1099F000FDFFFF17FD7BBEA9FD030091F35301A9F5
:109A0000F303012AF40302AAF1F3FF97E20314AA75
:109A1000E103132AF35341A9FD7BC2A800010014FE
:109A2000FD7BBDA9FD030091F35301A9F303012AB6
:109A3000F51300F9F40302AAF50303AAE4F3FF9770
:109A4000E30315AAE20314AAE103132AF51340F96C
:109A5000F35341A9FD7BC3A82A010014FD7BBDA9D6
:109A6000FD030091F35301A9F303012AF51300F953
:109A7000F40302AAF50303AAD5F3FF97E30315AA9B
:109A8000E20314AAE103132AF51340F9F35341A9A1
:109A9000FD7BC3A85B020014FD7BBDA9FD03009103
:109AA000F35301A9F30300AAF51300F9CDF3FF97CF
:109AB000F40300AAE00313AAB6F3FF97E00313AA86
:109AC000C3F3FF97144C00A9540100B55302801250
:109AD000200000F00038209140F0FF97E003132AA7
:109AE000F51340F9F35341A9FD7BC3A8C0035FD62A
:109AF000F50300AAE00314AA71040094F303002AFA
:109B0000E0FEFF35E00315AAB2020094F303002A39
:109B1000E00314AA6C040094F1FFFF17631C001209
:109B20007F081E72C0010054E303232A001C40B9C1
:109B3000631042D30324C31AE003002A000003CBBE
:109B40002200028B0300038B5F0003EBE80000544C
:109B50003F0000EBE0B79F1AC0035FD6030080D23E
:109B6000000080D2F7FFFF1700008052FBFFFF17B5
:109B7000FD7BBCA9FD030091F35301A9140040F93A
:109B8000F55B02A9F50301AAF76303A9F60302AA8C
:109B9000F70303AAF80304AAE00314AA48040094F4
:109BA000F303002A60010035E40318AAE30317AAAF
:109BB000E20316AAE10315AAE00314AAA203009483
:109BC000F303002A6000F837E00314AA3E0400946F
:109BD000E003132AF35341A9F55B42A9F76343A9B4
:109BE000FD7BC4A8C0035FD6FD7BBEA9A200805246
:109BF000240080D2E30301AAFD030091A583009114
:109C0000A2FC1F38E20304AAE10305AAD9FFFF97CB
:109C10001F00007100D09F1AFD7BC2A8C0035FD651
:109C2000FD7BBCA9FD030091F35301A9F403012AB4
:109C3000F51300F9F30300AAA1FF0091F50302AAAE
:109C4000EAFFFF97C000F837A3FF4039E20315AAE7
:109C5000E103142AE00313AAB1FFFF97F35341A9CC
:109C6000F51340F9FD7BC4A8C0035FD6FD7BBAA9FC
:109C70007F0000F1FD030091F55B02A9F50300AA46
:109C8000160040F9007182D2F35301A9F30303AA2D
:109C9000F76303A9F80301AAF96B04A917FA80D2A4
:109CA000F90302AAF712809AFA0304AAE00316AA9B
:109CB00003040094F403002A40030035A00240F995
:109CC000030080D2020080D2C1008052620300945F
:109CD000E006F837E4031AAAE30313AAE20319AA79
:109CE000E10318AAE00316AA660300940006F837F9
:109CF000000080D226EEFF97F80300AA190E8052CA
:109D0000E00318AA22EEFF97FF0200EB880100543F
:109D1000B40D8012200000F000A82091AFEFFF9753
:109D2000E003142AF35341A9F55B42A9F76343A961
:109D3000F96B44A9FD7BC6A8C0035FD6A17F019142
:109D4000E00315AAA9FFFF972003F837A036407952
:109D5000B37F4139F303332A731E001240020836E1
:109D6000240080D2B97F0139A37B0191E20304AAC8
:109D7000A17F0191E00315AA7EFFFF978001F837CC
:109D8000A07B4139000019121F00007173020012FC
:109D900073129F1A73FBFF34E00316AACA030094E0
:109DA000E0FFFF1720008052F8FFFF17F403002A9E
:109DB000DCFFFF17FD7BBDA9FD030091F30B00F94C
:109DC000F30300AA02644039426000112124C21A40
:109DD00002B84039211C0012A1BF00395F00016B9D
:109DE000C1000054A0BF403960BA0039F30B40F9FC
:109DF000FD7BC3A8C0035FD601B44039240080D2E4
:109E0000A1BB0039A3BF0091E20304AAA1BB00914A
:109E100097FFFF9780FEFF36F5FFFF17FD7BBBA97D
:109E2000FD030091F55B02A9162840B9F35301A97F
:109E3000F76303A92308D61A6384161BE3050035CC
:109E4000F703162AF40302AA4308D79A6388179BDC
:109E5000430500B5032840F9F50300AAF303012ADE
:109E6000C30100B460003FD61F0000716D010054B3
:109E7000E103132A200000F000F81B9157EFFF9731
:109E8000A0028012F35341A9F55B42A9F76343A9ED
:109E9000FD7BC5A8C0035FD6B8430191A0BE403981
:109EA000008F1F3800008012F4FEFFB4E103132A74
:109EB000E00315AAC0FFFF9760FEFF37607E1053D6
:109EC000A0270139607E0853B32F0139A02B013937
:109ED000040080D2030080D2820080D2E10318AA5D
:109EE000E00315AA62FFFF97E0FCFF377302160B31
:109EF000940217CBEDFFFF1700008012E2FFFF175F
:109F0000FD7BB9A9FD030091F76303A9F80303AA38
:109F1000032840F9F35301A9F403012AF55B02A9D0
:109F2000F60302AAF96B04A9F90300AA152040B9A7
:109F3000170040F9FB2B00F9030200B460003FD684
:109F40001F000071AD010054E103142A200000F04D
:109F500000B41C9121EFFF97A0028012F35341A996
:109F6000F55B42A9F76343A9F96B44A9FB2B40F9C0
:109F7000FD7BC7A8C0035FD6BBC3019120C7403992
:109F80001A0080D2608F1F38000080125F0316EB2A
:109F900062FEFF54E103142AE00319AA86FFFF972B
:109FA000E0FDFF37E003142A1308D59A7382159B4E
:109FB000C0021ACBB30213CB7F0200EB7392809ADC
:109FC000E01A40B980000034E003002A7F0200EB71
:109FD0007392809A807E1053A0A70139807E085327
:109FE000B4AF0139A0AB0139E40313AA03031A8B00
:109FF000820080D2E1031BAAE00319AA1CFFFF978D
:10A00000E0FAFF379402130B5A03138BE0FFFF179C
:10A01000FD7BBDA9240080D2E20304AAFD030091C8
:10A02000A37F0091A17F003921008052A1BF003998
:10A03000A1BF00910EFFFF971F00007100D09F1A73
:10A04000FD7BC3A8C0035FD6FD7BBCA9FD030091C7
:10A05000F35301A9F30302AAF55B02A9F60300AAD0
:10A06000F503012AA1FF0091E0FEFF97F403002A07
:10A07000A009F837C41E40B96142358B3F4024EB3C
:10A0800000010054A3FF40399500154BA20213CBE9
:10A09000E00316AAA2FEFF97200A0034F30315AAD4
:10A0A000E003042A640200349F3C107261080054EB
:10A0B000803C1053010280521F1C08726100005442
:10A0C000005C1853212000511F0C047261000054E1
:10A0D000006C1C53211000511F0402722107005410
:10A0E00002741E5320080051E203222A007C424BD6
:10A0F00001040051211C0012F30600B47F7E60F2BF
:10A1000061060054737E60D3E00380527F3E50F2BC
:10A11000610000540040005173BE70D37F1E48F2AE
:10A12000610000540020005173DE78D37F0E44F2AA
:10A13000610000540010005173EE7CD37F0642F2A0
:10A14000610000540008005173F67ED3F30333AA74
:10A1500073FE7FD30000134B000400110004005174
:10A160002100004B800380520108214B211C00126A
:10A1700034701B72410300543F00006A0003005416
:10A18000A2FF403940701B1242081E120100012A32
:10A1900020081E121F00026B29020054E00316AAB9
:10A1A0009CFFFF97E003142AF35341A9F55B42A9F2
:10A1B000FD7BC4A8C0035FD601048052BFFFFF1718
:10A1C000E203002AE003012AC8FFFF17E0078052DC
:10A1D000CFFFFF1700008052E1FFFF17B40280128B
:10A1E000F1FFFF17FD7BBCA9FD030091F35301A90B
:10A1F000F40300AAF55B02A9F503012AF60302AAFB
:10A20000A1FF009179FEFF97F303002AE00EF837D3
:10A21000A5FF4039E00314AA812A40B9E303052AC7
:10A22000E203012AA102014B3DFEFF97F303002A3E
:10A23000C00A0035821E40B9E003022A62020034DF
:10A240005F3C1072610A0054403C1053030280527C
:10A250001F1C087261000054005C185363200051F9
:10A260001F0C047261000054006C1C5363100051F9
:10A270001F0402722109005401741E53600800512A
:10A28000E103212A007C414BE203022AD542358BAF
:10A29000440015CB840400F1A00800549F7C60F2B8
:10A2A00021080054847C60D3E30380529F3C50F229
:10A2B000610000546340005184BC70D39F1C48F27D
:10A2C000610000546320005184DC78D39F0C44F279
:10A2D000610000546310005184EC7CD39F0442F26F
:10A2E000610000546308005184F47ED3E40324AA7F
:10A2F00084FC7FD36300044B64040011230080D2EC
:10A300006320C49AC30500B47F7C60F24105005409
:10A31000637C60D3E10380527F3C50F261000054C3
:10A320002140005163BC70D37F1C48F2610000548F
:10A330002120005163DC78D37F0C44F2610000548B
:10A340002110005163EC7CD37F0442F26100005481
:10A350002108005163F47ED3E30323AA63FC7FD377
:10A360002100034B210400115F0015EBC0020054D3
:10A370000100014B800380520108214B211C001277
:10A380003F081B7220020054B30280121700001411
:10A3900003048052AFFFFF17E103002AE003032A02
:10A3A000B8FFFF17E3078052C1FFFF170400805278
:10A3B000D3FFFF17E1078052D8FFFF17010080523B
:10A3C000EAFFFF1701008052A0701B12A5081E12A1
:10A3D0000100012A20081E121F00056B62FDFF54B8
:10A3E000E00314AA0BFFFF97E003132AF35341A9DC
:10A3F000F55B42A9FD7BC4A8C0035FD630ECFF1714
:10A40000FD7BBAA9FD030091F35301A9F40300AA4F
:10A41000001C40F9F55B02A9F503012AF76303A9C3
:10A42000F60302AAF96B04A9F80303AAFB7305A9B2
:10A43000200400B4930240F9E00313AA2002009420
:10A44000FA03002A80020035840080D2030080D203
:10A45000020080D201008052E00313AA1C02009483
:10A46000811E40F9E20316AAE00318AA2140358BA9
:10A47000E3FFFF97040180D2030080D2020080D264
:10A4800001008052E00313AA11020094E00313AA12
:10A490000D020094E0031A2AF35341A9F55B42A987
:10A4A000F76343A9F96B44A9FB7345A9FD7BC6A8D3
:10A4B000C0035FD697CA4039200080D2F71200113E
:10A4C000F71E4092E10317AABAE6FF97FB0300AA22
:10A4D000E00400B480C240391A00801260030039E1
:10A4E0001920A052960000B5E0031BAA91E4FF9743
:10A4F000E9FFFF17E103152AE00314AA2EFEFF97D8
:10A50000FA03002A80FCFF3793664039E30318AA58
:10A5100080BA4039E20317AA750F0039E1031BAA7C
:10A520003323D31A134C131BA07E1053600700393A
:10A53000A07E08537302154B600B0039E00314AA88
:10A54000DF4233EB7322961AFC03132AE4031CAA9E
:10A5500088FDFF97FA03002A80FCFF37B502130B32
:10A56000D6021CCB18031C8BDFFFFF177A01801269
:10A57000C9FFFF17FD7BBDA9210000D021741D91EB
:10A58000FD030091F30B00F9F30300AA000440F966
:10A59000A2A30091001440F94DF4FF971F0400B1ED
:10A5A000C0000054621E40B9A11740F95F0001EBE2
:10A5B000C8000054601E00F900008052F30B40F9FF
:10A5C000FD7BC3A8C0035FD600008012FCFFFF170D
:10A5D000FD7BBCA9C30080D2010C8012FD03009159
:10A5E000F55B02A9A2E30091160040F9F35301A91B
:10A5F000F30300AAE00316AA17010094147C409309
:10A600003402F837350000B0B5820E91A0825FF8B1
:10A61000B42200D1C01400B5A3EB4039200000D013
:10A62000A2E7403900441E91A1E340396BEDFF974A
:10A6300020008012F35341A9F55B42A9FD7BC4A819
:10A64000C0035FD6200000D0E103142A00C81D918A
:10A6500062EDFF97F4FEFFB49F0640B1A8FEFF54E1
:10A66000802240391FFC027104185F7A6000005498
:10A670001F080371A1010054BFE300391F080371D3
:10A68000E1000054A1E30091E00313AA57FDFF97F6
:10A69000A0E3403900001A12A0E30039A1E34039D9
:10A6A000E00313AA5BFEFF97800240F982364079EF
:10A6B000600A00F9C01240F9601E00F982001036ED
:10A6C00060364079000000326036007980224039DF
:10A6D000E11780521F8000710410417A410100543B
:10A6E0000000009000200191602200F9000000901D
:10A6F00000900791602600F9E0FFFFF000803091A4
:10A70000602A00F961624039210441D36166003951
:10A7100080324079602200B9832E4039803240393E
:10A72000602000AA1F3401F16101005483264039E2
:10A73000802A4039602000AA0004C05A003C001260
:10A74000005408511F0400716900005400408052F9
:10A75000602200B9602240B9831640B90020C11AB6
:10A76000602200B9801240B90020C11A602600B9E9
:10A77000037C031B6320C11A631E00B9C20A0036A2
:10A780000004805260BE0039000082520120C11ACC
:10A79000612A00B9602A40B9602600B96001805280
:10A7A00060C20039C01240B9E009583661008052D9
:10A7B00061C20039820A1836600A5036400680525B
:10A7C00060C6003960C24039001800121FAC017128
:10A7D0008000005460C640391FC80071010A00544F
:10A7E000812240393F800071A00900543FBC0371B1
:10A7F000600000543F040071A1080054A00680527C
:10A80000240080D2A0E30039A3DB0091E20304AA74
:10A81000A1E30091E00313AAD6FCFF974004F837A8
:10A82000B5DB4039D5070837A1E30091E00313AA4F
:10A83000EEFCFF978003F83720008052B5021F32EC
:10A84000A0DF0039440080D2B5E70039A3E30091CE
:10A85000220080D2A1DF0091E00313AA04FDFF973C
:10A860001F00007140000054EB010054A00680520C
:10A87000240080D2A0E30039A3DB0091E20304AA04
:10A88000A1E30091E00313AABAFCFF976000F83738
:10A89000A0DB403940040837200000D000101F9191
:10A8A000CEECFF97A002801263FFFF17A21A403977
:10A8B00062000035B582009155FFFF17421C40929F
:10A8C000A1E30091E00315AA19EBFF9740FFFF35C4
:10A8D00061FFFF17E1048012602A00B961BE0039F0
:10A8E000ADFFFF178000683662002036610D805290
:10A8F000B0FFFF1700F66736E2F52F36610780528A
:10A90000ACFFFF1740008052AEFFFF17200000D0C1
:10A9100000A01F91B1ECFF97E3FFFF1760C2403921
:10A920001F0C0071E00200541FAC03714000805204
:10A9300000049F1A60CA00398036407980000836CA
:10A940006036407900001F3260360079611E40B9E0
:10A950000020A052BFE300393F00006B68010054A3
:10A96000A0E3403960BA0039E00313AA02FFFF9761
:10A970001F000071A10280120000811A2EFFFF1734
:10A980007FCA0039EDFFFF1780224039C1E28252B1
:10A99000240080D2A3E300911F040071E0468712D7
:10A9A0000010811AE10313AAE20304AA20CC027862
:10A9B000E00313AA6FFCFF971F00007120FDFF54F6
:10A9C000ABE3FF54E9FFFF17FD7BBDA9BF0000F11A
:10A9D000FD030091F35301A9F30305AA45701D532C
:10A9E000F55B02A9E20301AAF50303AAF60304AA90
:10A9F000F40300AA640080D2030080D284049F9AEA
:10AA0000E103052AB200009460010035530100B44F
:10AA1000E30316AAE20315AA61721D53E00314AA08
:10AA2000F35341A9440080D2F55B42A9FD7BC3A842
:10AA3000A7000014F35341A9F55B42A9FD7BC3A80D
:10AA4000C0035FD6E50304AAE40303AA030080D28F
:10AA5000DEFFFF17FD7BBEA9E40303AAE30302AAFE
:10AA6000220080D2FD030091A5830091A1FC1F3834
:10AA7000E10305AAF4FFFF97FD7BC2A8C0035FD6E0
:10AA8000E50304AA040080D2D0FFFF17FD7BBDA917
:10AA9000FD030091F55B02A9F603022A020040F9CA
:10AAA000F35301A9553440F9A31240F9430100B40E
:10AAB000F40300AA60003FD6F303002A000100342B
:10AAC000200000D0E103132A001C229143ECFF97E1
:10AAD0000A000014B3028012FAFFFF17A31640F910
:10AAE000630100B4E103162AE00314AA60003FD614
:10AAF000F303002AE0000035E003132AF35341A9D1
:10AB0000F55B42A9FD7BC3A8C0035FD6B3028012E8
:10AB1000200000D0E103132A00882291ECFFFF17E8
:10AB2000FD7BBEA9FD030091F35301A9F40300AA24
:10AB300098EFFF97F30300AAE00314AAA9EFFF9789
:10AB4000610640B9010800B9610A40B9140000F972
:10AB5000F35341A9011000B901018052011400B959
:10AB600000008052FD7BC2A8C0035FD6FD7BBEA95A
:10AB7000FD030091F35301A9F40300AA94EFFF979A
:10AB8000F30300AA02008052210000D0801640F991
:10AB900021D42191ABF2FF97600200B900008052EE
:10ABA000F35341A9FD7BC2A8C0035FD6FD7BBCA9BE
:10ABB000FD030091F55B02A9F50300AA161C40F9FC
:10ABC000F35301A9C00240F9F71B00F9173440F90B
:10ABD000E00316AA7EEFFF97F30300AAE00315AA8D
:10ABE00080EFFF97F40300AA000840B9730240B950
:10ABF000B3020034600000347F02006B73D2801A0D
:10AC0000800E40B91F00136BE0000054821240B95F
:10AC1000E103132AE00316AA9DFFFF970002003507
:10AC2000930E00B9E10240F9810100B4E00315AAD6
:10AC3000F71B40F9F35341A9F55B42A9FD7BC4A87A
:10AC400020001FD61F00007113D490523300A07251
:10AC50001310931AEBFFFF1700008052F35341A922
:10AC6000F55B42A9F71B40F9FD7BC4A8C0035FD682
:10AC7000011C40F9210040F9213440F9210440F938
:10AC8000410000B420001FD6C0035FD6051C40F968
:10AC9000A62440F9C60440F9C60840B9DFE80071AF
:10ACA000A1000054A50040F9A53440F9A50C40F9D5
:10ACB000A0001FD6C00B8012C0035FD6000040F971
:10ACC000BBFFFF17000040F9EAFFFF17000040F943
:10ACD000EFFFFF17FD7BBFA9FD0300912DEFFF974D
:10ACE000800000B4000040B9FD7BC1A8C0035FD65E
:10ACF00020008012FDFFFF17FD7BBDA9FD03009121
:10AD0000F35301A9F303012AF40302AAA1A30091BA
:10AD100039EFFF97A01740F9600000B5400280129C
:10AD2000080000141BEFFF97000040B91F00136BD1
:10AD3000E1000054A01740F9800200F900008052A1
:10AD4000F35341A9FD7BC3A8C0035FD6A0A3009124
:10AD500031EFFF97F0FFFF17FD7BB9A9FD030091CD
:10AD6000F35301A9F403022AF55B02A9A28301911E
:10AD7000F76303A9F603002AF96B04A9F703012A74
:10AD8000FB2B00F9E103002AF503032AFA0304AAC6
:10AD9000F90306AAF80307AA40078052FB0305AA95
:10ADA00052F1FF97E0010034F303002AE203002A86
:10ADB000E103162A200000D000E0209187EBFF97E6
:10ADC000E003132AFB2B40F9F35341A9F55B42A999
:10ADD000F76343A9F96B44A9FD7BC7A8C0035FD6FD
:10ADE000A03340F9A2A30191E103172AC3FFFF9703
:10ADF000F303002A5F0300F10018533AC104005422
:10AE0000A03340F9A3A30191E2031BAAE1031AAA0C
:10AE1000A3EFFF97F303002A40FDFF35A03740F969
:10AE2000DCEEFF9717500029150800B9A03740F94C
:10AE3000019040B90101003768EEFF97F303002A43
:10AE400000FCFF35A03740F9E6EEFF97A13740F947
:10AE5000010000F9A03740F9CEEEFF97540000350D
:10AE600014D44029E203152AA03340F9E103142A3F
:10AE700007FFFF97F303002A40FAFF35A03340F99C
:10AE8000200300F9A03740F9D6EEFF97000300F940
:10AE9000CCFFFF17C0FCFF34E303002AE203172AAC
:10AEA000E103162A200000D0004421914BEBFF97CC
:10AEB000C4FFFF17FD7BBDA902008012FD030091B6
:10AEC000F35301A9F40300AA001440F9F51300F9A3
:10AED000F50301AA210000B021E83F91D9F1FF97C5
:10AEE000A00200B9801640F902008052210000D073
:10AEF00021D42191D3F1FF97A00600B9801640F923
:10AF0000210000D021F02291E9F1FF971F1C00726F
:10AF1000801640F9F3079F1A210000D021142391D5
:10AF2000737A1F53E2F1FF971F1C00724000005418
:10AF300073020032801640F9210000D0213823919D
:10AF4000DBF1FF971F1C00724000005473021E3299
:10AF5000801640F9210000D021682391D4F1FF9799
:10AF60001F1C00724000005473021C32801640F90E
:10AF7000210000D021902391CDF1FF971F1C00727A
:10AF80004000005473021932801640F922008052AA
:10AF9000210000D021D02391AAF1FF971F08007152
:10AFA000400200541F10007140020054801640F906
:10AFB00022008052210000D021142491A1F1FF979A
:10AFC0001F080071A00100541F100071A00100545F
:10AFD000B30A00B900008052F35341A9F51340F9B8
:10AFE000FD7BC3A8C0035FD673021732F0FFFF17C3
:10AFF00073021632EEFFFF1773021432F5FFFF17CC
:10B0000073021332F3FFFF17FD7BBEA9FD0300910E
:10B01000F30B00F9F30300AA5EEEFF97611640F907
:10B020003F0400B1C0000054E10300AAE00313AAEA
:10B03000F30B40F9FD7BC2A89FFFFF170000805271
:10B04000F30B40F9FD7BC2A8C0035FD6FD7BBEA910
:10B05000FD030091F35301A9F403012A57EEFF9772
:10B06000F30300AA000040F9CC010094600240F90B
:10B07000E103142AF8010094600240F9C101009430
:10B0800000008052F35341A9FD7BC2A8C0035FD6E4
:10B09000FD7BBDA9FD030091F35301A9F403012A2F
:10B0A000F55B02A9130840F944EEFF97160040F93A
:10B0B000F50300AA8ED6FF97E103002AE203142AC3
:10B0C000E00316AACE010094B50240F988D6FF9796
:10B0D000E103002A63124429E203142A651A452970
:10B0E000E00315AA0402009400008052F35341A922
:10B0F000F55B42A9FD7BC3A8C0035FD6FD7BB9A960
:10B10000FD030091F35301A9F303012A140840F948
:10B11000F55B02A9F76303A9F80300AAF96B04A978
:10B12000FB2B00F925EEFF97940240B9F70300AA24
:10B13000000040F99F02136B9492931A97010094B8
:10B14000E04E40B91F00146BA0040054E00318AA9D
:10B150001AEEFF97FB0300AA01488852000C8012E8
:10B16000E101A072730340F9A09F0139E00318AA1E
:10B17000BF7F0D29C7FFFF97020080522100805238
:10B18000E00313AA8B010094E00313AA7D0100944D
:10B19000A4A3019163008052A29F019121008052DB
:10B1A000E00313AA1A020094F903002A00030034F2
:10B1B00020000090002C3C91F5E0FF97E003192A55
:10B1C000FB2B40F9F35341A9F55B42A9F76343A96F
:10B1D000F96B44A9FD7BC7A8C0035FD6E04640B920
:10B1E0001F00146B41FBFF54F34A40B9E00318AA57
:10B1F000B9FEFF977F02006BA1FAFF54E00240F90D
:10B20000190080525F010094EDFFFF1715008012B6
:10B21000FA03152A16008052E103142AE00318AA43
:10B220009CFFFF97E00313AA5C010094E203162A37
:10B2300021008052E00313AA5E010094E00313AAE8
:10B2400050010094A4B3019163008052A29F019128
:10B2500021008052E00313AAED010094F903002AB3
:10B2600080FAFF355F070031A1034D29C101005469
:10B270003F00006BB502961ADA029A1AD606001140
:10B28000DF42007101FDFF545F07003121010054CE
:10B290002000009000A83C91BDE0FF97F44E00B95B
:10B2A000D7FFFF173F00006BE0010054D5060051A7
:10B2B000E00313AAB5021A0B380100944200805231
:10B2C00021008052E00313AAA20EC21A3901009491
:10B2D000744700B9E00318AA7FFEFF97604B00B9DE
:10B2E000EFFFFF17F503162AE5FFFF17FD7BB9A94E
:10B2F000FD030091F96B04A9FA0300AA001C40F9B0
:10B30000F90303AAF35301A9F403012AF55B02A987
:10B31000F76303A9F80302AAFB7305A9FB0304AAB8
:10B32000170840F9A5EDFF97F60300AAE0031AAA53
:10B33000F50316AA97EDFF97FC0300AA600340925D
:10B34000A03700F9B38641F8DB000036827E035354
:10B35000C20A00F9E10318AAE00315AA58E8FF970A
:10B360007F0F00F1947E035394129F9AE0031AAA70
:10B370007A037F9258FEFF97E103002A0200805271
:10B38000E00313AA450100945B0008375B0800B591
:10B39000C10A40F9A10100B51300801220000090FD
:10B3A00000383D910DEAFF97E003132AF35341A9BA
:10B3B000F55B42A9F76343A9F96B44A9FB7345A95F
:10B3C000FD7BC7A8C0035FD63F0300F1841A40FA93
:10B3D000800300543F0400F1E8010054E40319AA7B
:10B3E000E303142AE20315AA21008052E00313AA02
:10B3F00087010094F303002A9AFDFFB4020480D26F
:10B4000001008052E00315AA11E8FF97DF0A00F956
:10B41000E6FFFF17820B40B9E30315AAE00317AA62
:10B42000F8010094F303002A80FEFF35E20319AA15
:10B43000E103142AE00317AA21020094EEFFFF178C
:10B44000F80100B4A03740F9A00100B53F0400F1B5
:10B4500069010054E20315AAE00317AA84020094CC
:10B46000F303002AA0FCFF35E20318AAE103142A23
:10B47000E00317AAA4020094DFFFFF17E40318AA51
:10B48000E303142AE20315AAE00313AA9901009426
:10B49000D9FFFF1713008052C4FFFF17FD7BBDA922
:10B4A00001008052FD030091F35301A9130840F9F4
:10B4B000F55B02A9F50300AA161440F9545A40F9A5
:10B4C00069EDFF97600600F921008052E00315AA9C
:10B4D00065EDFF97600A00F92200009042643A91FE
:10B4E000E103162A03108052E00314AA43E6FF97F3
:10B4F000603200B9E103162AE00314AA5FE4FF9763
:10B500002001F83620000090008C3A91B3E9FF97B3
:10B5100040028012F35341A9F55B42A9FD7BC3A809
:10B52000C0035FD603249452F503002AE103002AE6
:10B53000E300A072220000B0E00314AA42D42191DB
:10B540003EE6FF97600200B903208052E103152A0E
:10B5500022000090E00314AA42483B9127E6FF979F
:10B56000601A00B903028052E103152A22000090FC
:10B57000E00314AA42703B9120E6FF97601E00B9D9
:10B5800003198052E103152A22000090E00314AA57
:10B59000429C3B9119E6FF97602200B9E31F80525D
:10B5A000E103152A22000090E00314AA42C03B9157
:10B5B00012E6FF97602600B983028052E103152A44
:10B5C00022000090E00314AA42E43B910BE6FF97AF
:10B5D000602A00B98302805222000090E103152AFC
:10B5E00042083C91E00314AA04E6FF97602E00B9DC
:10B5F00000008052C8FFFF17FD7BBEA9FD0300912C
:10B60000F35301A9140840F9ECECFF97F30300AAE7
:10B61000800640F9600200F9800A40F9600600F9EE
:10B62000604240B9A0000035E00314AADB0000949A
:10B6300020008052604200B900008052F35341A9BB
:10B64000FD7BC2A8C0035FD6E30300AA0200403915
:10B65000000440393F100071005C18530240022A78
:10B66000600840394000002A61000054610C4039F4
:10B670002020002AC0035FD6FD7BBDA9FD030091F9
:10B68000F35301A913008052F55B02A9F60300AA47
:10B69000000080D2BEE7FF97F503002AF47082D243
:10B6A000E00315AABAE7FF971F0014EB4901005405
:10B6B00001E28452200000900098399147E9FF97F9
:10B6C00000008052F35341A9F55B42A9FD7BC3A85A
:10B6D000C0035FD6C00240B9BF3F03D5C000F836F3
:10B6E000730600117F0A0071C9FDFF5420008052CB
:10B6F000F5FFFF1713008052EAFFFF17FD7BBEA97D
:10B70000FD030091F35301A9F30300AABF3F03D542
:10B71000019000B921000032BF3F03D514E28452EA
:10B72000019000B9940600519F060031E1000054D9
:10B73000E00313AAD1FFFF971F0000718000801261
:10B7400000009F1A0C000014609240B9BF3F03D55F
:10B7500080000836200080D2AFE7FF97F2FFFF1786
:10B7600094FEFF3520000090008036911BE9FF9782
:10B7700080008012F35341A9FD7BC2A8C0035FD6AD
:10B78000010040B9BF3F03D521000032BF3F03D5C0
:10B79000010000B9C0035FD6010040B9BF3F03D527
:10B7A00021781F12BF3F03D5010000B9C0035FD647
:10B7B000E30300AAE503012AFD7BBFA9FD03009175
:10B7C000F6FFFF97001040B9BF3F03D504000032D9
:10B7D000BF00007100781F12420C1F530000841A32
:10B7E000006C1B124000002ABF3F03D5FD7BC1A89F
:10B7F000601000B9E00303AAE2FFFF17E40300AA08
:10B80000E303012AFD7BBFA9FD030091E3FFFF973E
:10B81000000040B9BF3F03D541781F536204005177
:10B820004200010B006C09124208C11AE10180526A
:10B83000420400515F3C00714290811A024C022A7E
:10B84000BF3F03D5FD7BC1A8820000B9E00304AA75
:10B85000CCFFFF17E20300AAE303012AFD7BBFA987
:10B86000FD030091CDFFFF97000040B9BF3F03D516
:10B8700000741D124300083600001F3243000036DA
:10B8800000001E32BF3F03D5FD7BC1A8400000B9B8
:10B89000E00302AABBFFFF17E40300AAE303012AA7
:10B8A000FD7BBFA9FD030091BCFFFF97000040B9DD
:10B8B000BF3F03D54201003400001732006C121262
:10B8C000630C16536300002ABF3F03D5FD7BC1A85C
:10B8D000830000B9E00304AAAAFFFF1721008052E9
:10B8E000007816122320C31AE303232A630C0012E4
:10B8F000F3FFFF17EA03012AE80300AAFD7BBFA9B3
:10B90000FD030091A5FFFF97E73F99524773A77288
:10B910004001070B4700070B0108CA1AE208C21AC8
:10B920004200010B5F00036B480000546300024BB0
:10B930004204010B5F00056B48000054A500024B58
:10B9400022040051C6040051A000020B6300020B48
:10B95000C600010B0008C11A6308C11A001C185365
:10B960000360032A800400510000010B0008C11A83
:10B97000C108C11A001C1053211C00120000012A2A
:10B980000000032ABF3F03D5FD7BC1A8000D00B90D
:10B99000E00308AA7BFFFF17FD7BBFA9E20300AA13
:10B9A000FD030091000440F97CFFFF97400440F93B
:10B9B000001440B9BF3F03D501340A12400C43299B
:10B9C000633C10536010002A0000012ABF3F03D5DA
:10B9D000410440F9201400B9BF3F03D5400440F9A9
:10B9E0001F2400B9403040B9007C0153BF3F03D54C
:10B9F000410440F9201800B9BF3F03D5400440F985
:10BA00001F4400B9FD7BC1A85EFFFF17FD7BBAA9EB
:10BA10003F0000716218487AFD030091F35301A9B9
:10BA2000F303032AF55B02A9F76303A9F92300F9DD
:10BA300068000054F80304AAA40100B5B6028012FD
:10BA4000E203132A2000009000F0349163E8FF978E
:10BA5000E003162AF92340F9F35341A9F55B42A903
:10BA6000F76343A9FD7BC6A8C0035FD641004039F8
:10BA700062040051F70300AA42080C53211C08532A
:10BA8000210009322100022AA15F00B91CFFFF97A3
:10BA9000F603002AE0FDFF35E0A240B9BF3F03D521
:10BAA000B48301917F120071950080527592951AAE
:10BAB00080CE1FB8F903152AE20319AAE00318AAD9
:10BAC000E10314AA7EE6FF977F12007129FCFF5460
:10BAD000E0A640B9BF3F03D5A05F00B96202154B95
:10BAE000E10314AA0003198B75E6FF97D9FFFF172E
:10BAF000FD7BBBA9FD030091F35301A9F403032AC5
:10BB0000F55B02A9F50300AAF76303A9200400511D
:10BB10001F100071880000545F0000F16218487A1D
:10BB200069010054E203142A2000009000B8359106
:10BB30002AE8FF97A0028012F35341A9F55B42A9BE
:10BB4000F76343A9FD7BC5A8C0035FD65300403906
:10BB500020100051F60304AA1F040071731E08533D
:10BB600068010054200800513F140071E1179F1A2A
:10BB70007342002A210C00114004009173020D321F
:10BB8000B2FEFF97BF3F03D5A09600B9340300343F
:10BB90009F12007180060051970080529792971A69
:10BBA000004C1453E10316AA00001132F803172ABF
:10BBB0007302002AE20318AAA033019140E6FF971E
:10BBC000A04F40B9BF3F03D5A0AA00B99F12007192
:10BBD000090100548202174BC102188BA033019156
:10BBE00037E6FF97A04F40B9BF3F03D5A0AE00B9DD
:10BBF000E103132AE00315AAC1FEFF97CFFFFF1749
:10BC0000FD7BBFA924040051250800513F1000719D
:10BC1000FD030091E70300AAA580841ABF3F03D566
:10BC2000000440F91F1C00B9660040394200683624
:10BC3000C6000F32E103052A6004009183FEFF97DE
:10BC4000BF3F03D5E10440F98400056B206800B9CB
:10BC5000A0010054C6000C32BF3F03D5E00440F9F8
:10BC60009F100071E11F8052012800B980008052AE
:10BC70008490801A84701D53842000714000005409
:10BC8000C660042ABF3F03D5E00440F9060400B9AA
:10BC9000001440B9BF3F03D5006C1C12A50400512D
:10BCA000A500002ABF3F03D5E00440F9051400B900
:10BCB00000008052FD7BC1A8C0035FD6FD7BBAA9FE
:10BCC000FD030091F35301A9F403012AF55B02A9D6
:10BCD000F30300AAE10302AABF3F03D5000440F921
:10BCE000146C00B9BF3F03D5600640F922008052B2
:10BCF00043008052026000B9E203142AA0E30091DD
:10BD0000D7DDFF97C0040035B52340F91405003591
:10BD1000000080D2740640F91DE6FF97F50300AAE3
:10BD2000806240B9BF3F03D5A0082837E00315AAB9
:10BD300017E6FF971F2800F1A8070054200080D2C3
:10BD400035E6FF9713060094F6FFFF17600640F9EB
:10BD5000002C40B9BF3F03D5003C0072C102005423
:10BD6000200080D22CE6FF97D606007101FFFF5419
:10BD700020000090001C3791A10D801297E7FF97DB
:10BD8000BF3F03D5600640F941008052016000B911
:10BD9000A0E30091D4DDFF97A00D8012F35341A9D9
:10BDA000F55B42A9FD7BC6A8C0035FD636E284528C
:10BDB000EEFFFF1700741E53630A40F91F00146B57
:10BDC000010080D20090941A02747E923F0002EB30
:10BDD0006101005402040072A1010054B542208B9D
:10BDE0009402004B600640F9002C40B9BF3F03D5D8
:10BDF000003C007201FEFF54C5FFFF17640040B90C
:10BE0000A46A21B821100091F1FFFF1701747E92FE
:10BE1000A102018B22C0228B5F0001EB00FEFF54C8
:10BE20006400403924140038FCFFFF172000009004
:10BE3000A10D801200983791D1FFFF17BF3F03D5A6
:10BE4000600640F901048052016000B9A0E300914E
:10BE5000A5DDFF97600640F908FEFF971F000071FF
:10BE600080008012E013801ACDFFFF17FD7BBFA971
:10BE70003F100071E4979F1A5F0000F1FD030091ED
:10BE8000E50300AA2018437AE8000054200000903F
:10BE900000C4389151E7FF97A0028012FD7BC1A832
:10BEA000C0035FD6830C0011BF3F03D5000440F9E7
:10BEB0001F1C00B9E00302AA02144038BF3F03D59B
:10BEC000A10440F9220800B9E103032ADFFDFF972E
:10BED000BF3F03D5A10440F9207800B9201440B930
:10BEE000BF3F03D5006C1C12840800118400002A97
:10BEF000BF3F03D5A00440F9041400B900008052EC
:10BF0000E7FFFF17FD7BB8A923008052FD030091D6
:10BF1000F35301A9F403012AF55B02A9F30300AA74
:10BF2000F76303A9E10302AA171840B9E203142A30
:10BF3000F92300F9A063019149DDFF9780090035DD
:10BF4000B63340F9BF3F03D5600640F9147C00B911
:10BF5000BF3F03D5600640F921008052017000B94F
:10BF600014020035000080D2740640F988E5FF977E
:10BF7000F50300AA807240B9BF3F03D5C008283737
:10BF8000E00315AA82E5FF971F2800F1C8070054B7
:10BF9000200080D2A0E5FF977E050094F6FFFF17F2
:10BFA0009F02176B620A40F99592971A000080D29F
:10BFB000A1767E923F0000EB61020054A106007260
:10BFC000A1020054000080D2780640F970E5FF9786
:10BFD000F90300AA002F40B9BF3F03D51F3C1072E0
:10BFE000A0020054E00319AA69E5FF971F2800F199
:10BFF00088020054200080D287E5FF9765050094F1
:10C00000F5FFFF17C36A60B800100091430000B944
:10C01000E9FFFF17A0767E92C002008B01C0218B42
:10C020003F0000EB00FDFF5403144038430000398B
:10C03000FCFFFF17D642358B9402154BC9FFFF1743
:10C04000000000F0001C3791A10D8012E3E6FF977D
:10C05000BF3F03D5600640F941008052017000B92E
:10C06000A063019120DDFF97A00D8012F35341A939
:10C07000F55B42A9F76343A9F92340F9FD7BC8A802
:10C08000C0035FD6000000F0A10D8012002C389193
:10C09000EFFFFF17A063019113DDFF97BF3F03D5AB
:10C0A000600640F901048052017000B973FDFF97EA
:10C0B0001F00007180008012E013801AECFFFF1750
:10C0C000FD7BBEA9FD030091F30B00F9F303012AE8
:10C0D0003AEAFF97130C00B900008052F30B40F9C5
:10C0E000FD7BC2A8C0035FD6FD7BBDA9FD03009107
:10C0F000F35301A9130840F9F51300F9F503012AD8
:10C100002EEAFF97F40300AA730240B9000040F939
:10C110007F02156B7392951A1F0800B979D2FF97A9
:10C12000F51340F90008D31A810240F90004001108
:10C1300000381F12201400B920008052200800B9D6
:10C14000930A00B900008052F35341A9FD7BC3A8B4
:10C15000C0035FD6FD7BBCA9FD030091F71B00F96E
:10C16000F70300AA001C40F9F35301A9F403012AC4
:10C17000F55B02A9F60302AAF50303AA0FEAFF97EB
:10C180009F0A40F281100054F30300AA0254403980
:10C19000001040B9BF0200F1C41A40FA0104005176
:10C1A000605A4039425C18532010002A610E40B991
:10C1B0004118012A0000012A600900547F56003905
:10C1C0006156403900741612947E0353741A00B9F4
:10C1D000761200F9D602148B0020012A610240F980
:10C1E000761600F9B402148B751A00F9741E00F962
:10C1F0003F0800B9220040791F20226B4000005404
:10C20000200000B9E00317AAB3FAFF97610240F9D2
:10C21000220080524020C01A201000B9220800B924
:10C22000631240B9621242A9670243A9637C0313F7
:10C23000820002CB650240F9000007CB637C40938B
:10C24000000002CB611E40B9A62040B9420CC39A3F
:10C25000000CC39A2000004B2100064B3F00026BEC
:10C260002130821A020080521F00016B0090811A57
:10C27000000400511F04003101040054000080D26A
:10C28000C3E4FF97F403002A610243A9620240F964
:10C29000000001CB611240B9432440B9217C031353
:10C2A000217C4093000CC19A1F00036BE103002A1C
:10C2B0000090831A20040034402440B93F00006BF2
:10C2C0002090801A000400511F040031610A43A924
:10C2D000010400545F0001EB48FAFF540000805253
:10C2E0002E000014BF0200F14100805221149F1A59
:10C2F00061560039B3FFFF17611A80B9631240F924
:10C300009F0001EBA0000054611240B93F20007172
:10C310000101005462004039A26000B9611240B9C5
:10C32000217C031361C0218B611200F9D1FFFF173B
:10C3300062004079F9FFFF17E00314AA94E4FF9725
:10C340001FA00FF129FAFF54A00D80121300001452
:10C35000630240F9641A80B9636040B95F0004EB7E
:10C36000A0000054621240B95F2000710101005426
:10C3700023000039611240B9621A40F9217C03138D
:10C3800041C0218B611A00F9CFFFFF17230000790C
:10C39000F9FFFF1700008012F35341A9F55B42A992
:10C3A000F71B40F9FD7BC4A8C0035FD6FD7BBDA988
:10C3B000FD030091F35301A9130840F9545A40F9C1
:10C3C000F51300F9151440F9C5E9FF97600600F967
:10C3D00003249452E103152AE300A072E00314AA97
:10C3E0002200009042D4219184E2FF97F51340F996
:10C3F000600200B900008052F35341A9FD7BC3A83D
:10C40000C0035FD6FD7BBEA9FD030091F35301A9D4
:10C41000F40300AA5AE9FF97F30300AAE00314AA61
:10C4200066E9FF97610240B9620640F9020000F92F
:10C43000010800B901018052011000B9E11F8052CA
:10C440001F5400395F0800B9412C00B92100805207
:10C45000410800B9031C40B943010035411800B937
:10C46000431840B97F00016B4101005421040011C1
:10C470003F00047141FFFF54011C00B95F1800B96F
:10C4800000008052F35341A9FD7BC2A8C0035FD6D0
:10C490003F04007121109F1AF8FFFF17FD7BBEA912
:10C4A000FD030091F35301A9BF3F03D5010082D2E0
:10C4B0002100BFF23F1402B9201842B9BF3F03D593
:10C4C000001C0012F30301AA147D80529F02007128
:10C4D0000418407AC10000541F000071E0179F1A31
:10C4E000F35341A9FD7BC2A8C0035FD62904009481
:10C4F000007D80D248E4FF97601A42B9BF3F03D560
:10C50000001C001294060051F1FFFF17FD7BA9A942
:10C510000020805201008052FD030091423240F918
:10C52000F35301A9A05F00B9A0C30191BF3700B9BF
:10C53000BF8B0729A03700F920000090F51300F900
:10C5400000741491A5E5FF97000080D210E4FF97D6
:10C55000F40300AA000084D220FABFF2022040B9FE
:10C56000BF3F03D521E0BF525F00016AA002005423
:10C5700040FBBF52A06300B9A04340B9B33F40B9EC
:10C580001F6440F2A10200541580A052A04340B99C
:10C590007F02006B43020054E003142AFCE3FF9780
:10C5A000E103002A20000090001815918BE5FF9709
:10C5B000F35341A9F51340F9FD7BD7A8C0035FD61B
:10C5C000002440B9BF3F03D540FDFF350000825233
:10C5D00040FBBF72E8FFFF1743E3FF970280A052C2
:10C5E000E103132AA0C300912903009460FFFF35E3
:10C5F000E8030094A0C300911D020094E0FEFF3503
:10C60000A0C30091D402009480FEFF357302150B85
:10C61000DFFFFF172000BFD202A840B9BF3F03D5FC
:10C62000403C4ED3414850D32100000B40344AD304
:10C630002100000B402445D32100000B000082D2D2
:10C640002000BFF2421000122100020B000840B986
:10C65000BF3F03D502040012400080D20020C29ADE
:10C660000020C19AC0035FD6018088D2FD7BBCA99F
:10C6700001E0BEF2FD030091200040B9F35301A98F
:10C68000F55B02A900781B12F71B00F9200000B926
:10C6900020C041B900781B1220C001B920E041B987
:10C6A00000781B1220E001B9200042B900781B126B
:10C6B000200002B9202042B900781B12202002B9C4
:10C6C000204042B900781B12204002B9206042B9D4
:10C6D00000781B12206002B901AC90D221E0BEF2BA
:10C6E000200040B900781B12200000B9202040B97A
:10C6F00000781B12202000B9204040B900781B129E
:10C70000204000B9206040B900781B12206000B9B9
:10C71000208040B900781B12208000B920A040B9C9
:10C7200000781B1220A000B901A498D241E0BEF20B
:10C73000200040B900781B12200000B9202040B929
:10C7400000781B12202000B9204040B900781B124D
:10C75000204000B9206040B900781B12206000B969
:10C76000208040B900781B12208000B920A040B979
:10C7700000781B1220A000B9BF3F03D5002380D250
:10C78000E1FFBF524000BFF2010000B9BF3F03D537
:10C79000822380D2E00380524200BFF2400000B901
:10C7A000BF3F03D5417C00B9BF3F03D5813380D261
:10C7B0004100BFF2200000B9BF3F03D5002080D266
:10C7C000140084D24000BFF221208052137D805299
:10C7D00034FABFF2010000B995B640B9BF3F03D5A6
:10C7E000200080D28CE3FF97B51A003769030094CC
:10C7F0007306007121FFFF54200000900020199162
:10C80000F200001463030094007D80D282E3FF975E
:10C81000600E40B9BF3F03D500000012F7060011BB
:10C82000D5000014E00315AA59DBFF97BF3F03D5DD
:10C83000E0018052177D8052601602B9601A42B939
:10C84000BF3F03D50011183652030094007D80D2FB
:10C8500071E3FF97F706007121FFFF54200000905D
:10C8600000901791D4000014B07965B8AE0400911F
:10C870007F00106B600D0054E5030EAAE103052A4A
:10C88000BF4C00F121FFFF542100BFD223A840B9C3
:10C89000BF3F03D5BF3F03D5003449D30D15001268
:10C8A000AD45001123E010B9037C0213A005400B35
:10C8B000EF2D46D3412C46D38E140012655D52D322
:10C8C00021000F0B007C01130000054B21000E0B13
:10C8D00000000E0B2100034B00000F0BA5280B538B
:10C8E00021641A5382444CD32030002AE12C46D3D1
:10C8F0004348032A9F050071A168012A2100032AE9
:10C900000000012A0100B05221009F1A2000002AD5
:10C91000BF3F03D5018080D29F0100710100BFF2AB
:10C92000200C00B9E0179F1A00781F53BF3F03D5B2
:10C93000081541D3201000B908A10011BF3F03D54D
:10C94000845C52D34A1D1C5384001632281400B94B
:10C950004A01042ABF3F03D5E7444CD3607558D33E
:10C960006B2D46D32A3800B9E76C1C53E708002A20
:10C97000EB000B2ABF3F03D52B3C00B926FFFF97E6
:10C98000C00500B50100A8D2413200F9000082D2F2
:10C990002000BFF2010041B94605383622208052FE
:10C9A0002200A0722100022A010001B9E2DF9F5299
:10C9B000C2FFBF72010041B92100020A010001B9A2
:10C9C00022208052010441B92100022A010401B948
:10C9D000011041B921001F32011001B9DED1FF97CA
:10C9E00040000035CAFEFF97BF3F03D5800080D2CC
:10C9F000210080524000BFF2010000B920000090E9
:10CA000000341791E2DAFF9700008052F35341A9F6
:10CA1000F55B42A9F71B40F9FD7BC4A8C0035FD6B4
:10CA200041F3FF34BF3F03D5018080D20100BFF244
:10CA3000250800B995FFFF17403200F9D4FFFF1712
:10CA4000C2DF9F52C2FFBF722100020A010001B97A
:10CA500022208012010441B92100020A010401B917
:10CA6000E7FFFF178EFEFF97200A0035E00314AAA8
:10CA7000510000142000009000B81891C4DAFF970C
:10CA80002100BFD2202840B9BF3F03D5262C40B992
:10CA9000BF3F03D525A840B9BF3F03D5285040B9B3
:10CAA000BF3F03D5247C40B9BF3F03D52B8040B99D
:10CAB000BF3F03D5228440B9BF3F03D5278840B983
:10CAC000BF3F03D52F8C40B9BF3F03D52AA040B943
:10CAD000BF3F03D52C1041B9BF3F03D58C1D45D3B3
:10CAE000BF3F03D5030082D22300BFF26C0800B918
:10CAF0006C0840B9BF3F03D5BF3F03D5E1E3835284
:10CB0000CD1845D3E103A072611002B9A13C4ED308
:10CB1000A3344AD36300010BA12445D3A5101853B5
:10CB2000A5600D2A2340032A6300052A2D0000B0CA
:10CB3000050080D2AD01209151FFFF17130082D272
:10CB40003500009034000090B52E169194A21691F5
:10CB5000760080523300BFF201008052C0608052E4
:10CB60003CD1FF97600E40B9BF3F03D500000012D3
:10CB700017008052FF9E0F7101000052E2879F1A3A
:10CB80005F00016A01E4FF5460F7FF35601642B9A7
:10CB9000BF3F03D5601A42B9BF3F03D5001C001246
:10CBA00020E4FF343EFEFF97E0E3FF3420000090D6
:10CBB00000C4159109E4FF97D606007141FDFF54AA
:10CBC000200000900018189171DAFF970000801281
:10CBD0008FFFFF17FD7BBDA9FD030091F35301A952
:10CBE000F303012AF51300F914003411000080D278
:10CBF00067E2FF97F50300AA800240B9BF3F03D563
:10CC000020010036E00315AA61E2FF971F0013EB35
:10CC100048010054200080D27FE2FF975D0200941B
:10CC2000F6FFFF1700008052F35341A9F51340F9B6
:10CC3000FD7BC3A8C0035FD6A00D8012FBFFFF17CA
:10CC4000FD7BBDA9FD030091F35301A9F30300AAE5
:10CC5000F55B02A9F503012A013040B9000040B993
:10CC6000E0020034E003012A000040B9BF3F03D5D1
:10CC7000000C00121F380071E1030054600240B93B
:10CC8000E00E0035160000F0D67227911400905285
:10CC900040020094600240B9A0010034603240B903
:10CCA000000040B9BF3F03D5000C0012C04A6038F5
:10CCB000610000102088208B00001FD6600640B95C
:10CCC00000800011200C000BE8FFFF17600640B940
:10CCD000613240B900800011200C000BF1FFFF17FA
:10CCE000600240B91F000071008080520000941A59
:10CCF00000FD3736610240B9603240B94109003465
:10CD0000E003002A000040B9BF3F03D5000C001229
:10CD1000620240B91F240071410000540205003432
:10CD2000613240B982080034E003012A000040B9B2
:10CD3000BF3F03D5000C0012620240B91F200071F2
:10CD400041000054C2030034613240B9C2070034CC
:10CD5000E003012A000040B9BF3F03D5000C0012D8
:10CD6000E0020034600240B91F000071E1179F1A11
:10CD700020404011610640B90120012ABF3F03D580
:10CD8000603240B900203411010000B9BF3F03D523
:10CD9000603240B9E103152A003034111F0000B998
:10CDA000603240B98CFFFF97A0000035BF3F03D52C
:10CDB000603240B9001034111F0000B9F35341A98B
:10CDC000F55B42A9FD7BC3A8C0035FD6600240B9F2
:10CDD0001F00007100008152C5FFFF17600240B9BB
:10CDE0001F00007100048052C1FFFF17600240B9AC
:10CDF0001F00007100088052BDFFFF17600240B99C
:10CE00001F00007100028052B9FFFF17600240B995
:10CE10001F00007100108052B5FFFF1700408052C4
:10CE2000B4FFFF17610640B921800011000C010B0F
:10CE3000B5FFFF17600640B900800011200C000B01
:10CE4000BBFFFF17600640B900800011200C000BEB
:10CE5000C1FFFF1700208052A6FFFF17603240B9C4
:10CE6000A8FFFF1700009052A2FFFF17FD7BBCA98F
:10CE7000FD030091F35301A9F30300AA013040B967
:10CE8000000040B9F51300F960010034E003012A05
:10CE9000000040B9BF3F03D5010000F0000C0012B4
:10CEA00021F02791205860786100001020A8208B85
:10CEB00000001FD6600640B900800011200C000B56
:10CEC000F4FFFF17610240B940008012E10700350E
:10CED000B0010094600240B900120034603240B9E1
:10CEE000000040B9BF3F03D5000C001220FFFF3502
:10CEF000600640B9613240B9008000117F0200B97C
:10CF0000200C000B000040B9BF3F03D51F0C40F2BE
:10CF1000E1100054603240B9630640B91F804931C6
:10CF2000E00B8012A0E30039E1179F1A621E40F95E
:10CF3000A0E34039441C0012001C00120004012A26
:10CF4000A0E3003961080012A1E70039A4EB003921
:10CF5000443C0853211C0853A4EF00392040002A08
:10CF6000445C1053427C1853A4F30039A2F70039F3
:10CF70000020032A22008052620200B9BF3F03D57D
:10CF8000613240B921203411200000B9A0774079E6
:10CF9000A17B4079014001AABF3F03D5603240B96F
:10CFA00000303411010000B9017D8052603240B977
:10CFB00009FFFF97000C0035BF3F03D5613240B930
:10CFC000211034113F0000B9F35341A9F51340F982
:10CFD000FD7BC4A8C0035FD6600240B9000B0035DA
:10CFE000150000F0B5722891140090526901009468
:10CFF000600240B920010034603240B9000040B9FD
:10D00000BF3F03D5000C0012A04A60386100001039
:10D010002088208B00001FD6600640B9613240B9DD
:10D0200000800011200C000BF5FFFF17600240B9D3
:10D030001F000071008080520000941A80FD373676
:10D04000600240B9613240B960050034E003012A52
:10D05000000040B9BF3F03D5000C00121F20007133
:10D0600061010054600240B920010035490100947B
:10D07000600240B980040034603240B9000040B919
:10D08000BF3F03D5000C001220FFFF35017D805209
:10D09000E00313AAEBFEFF978EFFFF17600240B973
:10D0A0001F00007100008152E4FFFF17600240B9C9
:10D0B0001F00007100048052E0FFFF17600240B9BA
:10D0C0001F00007100088052DCFFFF17600240B9AA
:10D0D0001F00007100028052D8FFFF17600240B9A4
:10D0E0001F00007100108052D4FFFF1700408052D3
:10D0F000D3FFFF17600640B900800011200C000B21
:10D10000D4FFFF17600640B9613240B900800011BA
:10D11000200C000BDAFFFF17600640B9613240B9FE
:10D1200000800011200C000B6EFFFF170000801222
:10D13000A6FFFF1700008052A4FFFF1740008012D7
:10D14000A2FFFF1700208052BDFFFF170000905282
:10D15000BBFFFF17011C40F9A10800B4FD7BBEA96D
:10D16000FD030091F35301A9140000D0F30300AABA
:10D1700094B227911F0000B906010094600240B9E3
:10D1800020010034603240B9000040B9BF3F03D5F0
:10D19000000C0012804A6038610000102088208B4B
:10D1A00000001FD6600640B9613240B9008000110E
:10D1B000200C000BF5FFFF17600240B90180805280
:10D1C0001F000071000090522100801A61FD1F367F
:10D1D000600240B9613240B920040034E003012A02
:10D1E000000040B9BF3F03D5000C00121F3C007186
:10D1F000C0088012F35341A900009F1AFD7BC2A80A
:10D20000C0035FD6600240B9010081521F00007167
:10D21000EDFFFF17600240B9010480521F0000714A
:10D22000E9FFFF17600240B9010880521F0000713A
:10D23000E5FFFF17600240B9010280521F00007134
:10D24000E1FFFF17600240B9011080521F0000711A
:10D25000DDFFFF1701009052DDFFFF17600640B9A8
:10D2600000800011200C000BDEFFFF17A0028012CF
:10D27000C0035FD601408052D5FFFF1701208052C6
:10D28000D3FFFF1701018052D1FFFF17FD7BBAA921
:10D29000FD030091F35301A9131C40F9F55B02A9AA
:10D2A000F76303A9F96B04A9FB7305A9F31600B48E
:10D2B000F50300AA430080520002805224008052ED
:10D2C0006508801218208852A39202291808A072BB
:10D2D000A01E00B9201C001265020039F603022AC4
:10D2E0006306003994018052600A0039203C48D31B
:10D2F000600E0039205C50D360120039217C185335
:10D3000061160039016088520118A072FBFF9F521C
:10D31000A03240B91A048052A25240391F804931CC
:10D320002100981A180081521840A0723800182A5B
:10D33000A1724039651A003921040051641E003978
:10D34000200C1C53210C0E530000012A41401153A4
:10D350002204022A0000022A0000182A011C0012DE
:10D3600061220039017C0853005C50D3211C00125B
:10D3700061260039602A0039632E0039A11E40B9A8
:10D38000827E409321741E53DF02016B820600549B
:10D39000A31A40B924008052A31600B9A41E00B9F4
:10D3A000D626C31A76050034631C00126002028B75
:10D3B000D606005161401153D61E00122304032AE1
:10D3C0006100182A63088012636A2238221C001246
:10D3D0000404003902080039227C0853421C001260
:10D3E000020C0039215C50D30110003941008052F9
:10D3F00001140039801A001102048052007C40930D
:10D400006102008B626A20388022001136040039E4
:10D410008101805261CA20388026001101058052A6
:10D42000942E0011007C40936202008B616A2038C8
:10D43000616A6038211C001221001C32616A2038A8
:10D4400044040039A02E40B99F02006B68080054C4
:10D450007FCA34380000805241000014C00AC11A4B
:10D460001F001B6BA80800541FFC0371A90800547F
:10D47000177C085300208052E37E001B76D8011BE6
:10D48000970100347A6A22386302028B940A0011F1
:10D49000616A6238F903142A211C001221001F322C
:10D4A000616A2238E1060051211C00126104003932
:10D4B000817E4093000400516202018B001C001227
:10D4C000FC03142A7A6A2138810180524004003911
:10D4D000800A001161CA20382E000094800E0011CD
:10D4E0000205805294160011007C40936302008B69
:10D4F000626A2038616A6038211C001221001C32E7
:10D50000616A20382000805260040039170200341C
:10D510008102194B947E40936302148B211C0012EC
:10D52000626A3438606A7438001C001200001E32CF
:10D53000606A3438606A7438001C001200001C32C3
:10D54000606A3438941F001161040039A02E40B97C
:10D550001F00146B42F1FF5460018012F35341A984
:10D56000F55B42A9F76343A9F96B44A9FB7345A98D
:10D57000FD7BC6A8C0035FD617208052BEFFFF17F1
:10D5800017008052BDFFFF17A0028012F4FFFF17A3
:10D59000004080D200FABFF2000040B9BF3F03D57F
:10D5A000C0000036BF3F03D5804180D2C10E8052FB
:10D5B00000FABFF2010000B9C0035FD6FD7BBFA92E
:10D5C000FD030091F3FFFF975ACDFF97017D805235
:10D5D0000008C11A01778152007C011B01008012F2
:10D5E000E203002AA2020035020400515F00006A33
:10D5F000E00180522104811A2140007121509F1ABC
:10D600003F3C007121D0801A2110012ABF3F03D571
:10D61000804080D200FABFF2010000B9BF3F03D5BD
:10D62000004080D22100805200FABFF2010000B910
:10D63000FD7BC1A8D7FFFF1721040011427C0153D5
:10D64000E9FFFF17020040F9423440F9820000B4BC
:10D65000420C40F9820000B440001FD6A0048012A2
:10D66000C0035FD600008052FEFFFF17003840F96C
:10D67000F5FFFF17FD7BBBA9FD030091F35301A943
:10D68000F55B02A9F503002AF71B00F9F603012A4E
:10D69000A0018052A1230191F70302AA69E6FF9736
:10D6A000F403002A80020035A02740F9130840F94E
:10D6B000A02740F9738201D161820191004000915D
:10D6C0003F0000EB61000054540280120A00001475
:10D6D000E00313AAB4E4FF97010040B93F00156BC3
:10D6E00061010054000440B91F00166B0101005491
:10D6F000F30200F9E003142AF71B40F9F35341A9A0
:10D70000F55B42A9FD7BC5A8C0035FD6733240F923
:10D71000E8FFFF17003840F9040040F9843440F96D
:10D72000840040F9440000B480001FD6A004809219
:10D73000C0035FD6003840F9040040F9843440F952
:10D74000840440F9440000B480001FD6A0048092F5
:10D75000C0035FD6FD7BBCA9FD030091F35301A973
:10D76000A1E30091F51300F9F503002AA00180520E
:10D7700034E6FF9740030035A01F40F954028012A1
:10D78000130840F9738201D1A01F40F96182019111
:10D79000004000913F0000EBC1000054E003142A58
:10D7A000F51340F9F35341A9FD7BC4A8C0035FD62C
:10D7B000E00313AA7CE4FF97010040B93F00156B1A
:10D7C00081000054000440B99F02006B94A2801AAB
:10D7D000733240F9738201D1ECFFFF17F403002A82
:10D7E000EFFFFF17FD7BB8A99F040031FD030091F7
:10D7F000F35301A9F55B02A9B67C4093F76303A933
:10D80000F703032AF96B04A9F80306AAFB7305A919
:10D81000FA0300AAFB0301AAFC0302AAF90307AA60
:10D8200021040054E003032ACBFFFF97F303002AEF
:10D830001F4C0031400900546002F83715040011F4
:10D84000A3E30191E2031CAAE1031BAAE0031AAAC5
:10D8500013E5FF97F303002A60010035A03F40F96C
:10D8600051E4FF971F200039A13F40F9160C00F941
:10D87000160BD69A17540029013800F9160800F93A
:10D88000210300F9E003132AF35341A9F55B42A9F0
:10D89000F76343A9F96B44A9FB7345A9FD7BC8A8AD
:10D8A000C0035FD6F503042AA1E30191A0018052D1
:10D8B000E4E5FF97F303002AA0030035A03F40F9F9
:10D8C000140840F9A03F40F9948201D1818201916E
:10D8D000004000913F0000EB6100005433008012D3
:10D8E00013000014E00314AA2FE4FF97E10300AA39
:10D8F000000040B91F00176BA1020054200440B97A
:10D90000BF02006B41020054A13700F9E003172A5F
:10D9100091FFFF971F4C0031A13740F9400100549F
:10D92000A001F83700040011200400B97F02007143
:10D9300064BA423A81FAFF5455F8FF36F303152AC8
:10D94000D1FFFF1700008052F8FFFF17943240F913
:10D95000DDFFFF17F303002AF5FFFF1715008052C4
:10D96000B8FFFF17FD7BB9A9FD030091F76303A979
:10D97000F703032A030440F9F803042AE40302AA84
:10D98000020000D042703091F55B02A9F60301AAB3
:10D99000C10380D2F35301A9F50307AAF96B04A9C7
:10D9A000F30300AAF903052AFA0306AAA04301918A
:10D9B000D1E0FF97A043019192DEFF97200300B4CE
:10D9C000E20300AAF40300AAE70315AAE00313AADE
:10D9D000E6031AAAE503192AE403182AE303172A1F
:10D9E000E10316AA80FFFF97F303002A40010034E9
:10D9F000E00314AA4FD7FF97E003132AF35341A97A
:10DA0000F55B42A9F76343A9F96B44A9FD7BC7A85D
:10DA1000C0035FD6A00240F90FE4FF97F7FFFF179E
:10DA200073018012F5FFFF17020000D042702C91A5
:10DA30000100403941000035C0035FD643C861385A
:10DA40006300003621800011211C001201140038EF
:10DA5000F8FFFF17E10300AA830B80522200403930
:10DA60006200003500008012050000145FBC0071E8
:10DA70004410437A610000542000004BC0035FD67D
:10DA800021040091F6FFFF17030080D202008052AC
:10DA9000447C0153821C022A0468633863040091A9
:10DAA0007F2000F18200220B421C001221FFFF5454
:10DAB000030080D2407C0153021C022A2068633894
:10DAC000630400917F0C00F10200220B421C001243
:10DAD00021FFFF54E003022AC0035FD68307A0F0B2
:10DAE000644440F9E40000B500008012C0035FD632
:10DAF00000008012F35341A9FD7BC2A8C0035FD68A
:10DB0000FD7BBEA9E30302AAFD030091F35301A923
:10DB1000F403012AE103002A8007A0F0E20314AA1B
:10DB2000004840F90140218BE00304AAFAFEFF9768
:10DB30009F0200EBE1FDFF54E003142AEEFFFF1704
:10DB4000FD7BBBA9FD030091F35301A9F55B02A97D
:10DB5000F50302AAF76303A9F60303AAF92300F960
:10DB6000F70300AA2105003414344079001C40B9A1
:10DB70009402011BF3324079BF1640F2C0070054F3
:10DB800073FE0091F803009173E67A92000000F0B2
:10DB9000733A0191E10315AA73367C9200800891D3
:10DBA000FF6333CBF3FF009173E67A920BE0FF97AC
:10DBB000E03240791F0016EBC90200541F030091A8
:10DBC000F60700B4E0324079F3030091210080525F
:10DBD00000FC009100E47A920038019100347C92BC
:10DBE000FF6320CBE003142AF7FF0091F7E67A9257
:10DBF000E20317AABAFFFF971F04007160050054E3
:10DC00007F0200910B000014141440B9DAFFFF17D3
:10DC1000E20313AA21008052E003142A990600119E
:10DC2000AFFFFF971F040071400100541F030091D4
:10DC300000008012BF030091F92340F9F35341A97A
:10DC4000F55B42A9F76343A9FD7BC5A8C0035FD676
:10DC5000E2324079E00315AAE10313AAF403192A7A
:10DC600017DEFF97E0324079B502008BD60200CB79
:10DC7000D0FFFF17D30AD39AE20315AAE003142AB0
:10DC8000E103132A96FFFF971F00136B21FDFF543A
:10DC9000E13240799402000B207C001BB502008B1E
:10DCA000D60200CBC7FFFF17E20316AAE10317AAAB
:10DCB000E00315AA02DEFF977F0200910000805268
:10DCC000DDFFFF17FD7BBDA9020180D2FD0300919E
:10DCD000F35301A9F40301AAF30314AAF55B02A903
:10DCE000E10300AAF60300AAE00314AAF4DDFF97FB
:10DCF0009F22003961024039E01B80523F00006AD8
:10DD000061030054C12240393F00006AC001005441
:10DD1000F50313AAC0058052620080D2C12200918F
:10DD2000A0160038E00315AAE5DDFF977F12003941
:10DD3000F30315AA61024039E01B80523F00006ADC
:10DD4000A10100547F020039800240391F94037101
:10DD5000610100549F020039E00314AAF35341A962
:10DD6000F55B42A9FD7BC3A830FFFF177306009146
:10DD7000E1FFFF1773060091EFFFFF171F140071FB
:10DD8000C1FEFF544003801280020039F3FFFF17E9
:10DD9000FD7BBDA98307A0F0FD030091634440F91A
:10DDA000F35301A9F55B02A9E30000B5140080124A
:10DDB000E003142AF35341A9F55B42A9FD7BC3A8F4
:10DDC000C0035FD6F40301AA610C40F9F50302AA6F
:10DDD000F30300AA000880D2B9D8FF97F60300AA7F
:10DDE00060FEFFB4E20300AA2100805200008052CE
:10DDF0003BFFFF97A000F83614008012E00316AA3C
:10DE00004CD6FF97EBFFFF17020880D2E10316AA5A
:10DE1000E00313AAAADDFF97602E40798002003547
:10DE2000D302019100048052A00200B9E10313AAB9
:10DE3000420380D2E00314AAA1DDFF97A00240B9FB
:10DE4000734A0091020180D2E10313AA1F8000717E
:10DE500041010054000000F0006413913ADDFF9787
:10DE60001F000071F4039F5AE5FFFF1773920091A2
:10DE7000BF0200B9EEFFFF17000000F00088139109
:10DE800031DDFF97F403002A8000003580018052C5
:10DE9000A00200B9DAFFFF17020180D2E10313AA42
:10DEA000000000F000AC139127DDFF97F403002A77
:10DEB00040FAFF3500028052F6FFFF178307A0F0FB
:10DEC000654440F9650000B500008012C0035FD6CC
:10DED000FD7BBEA9E30302AAE203012AE103002AB3
:10DEE0008007A0F0FD0300910409A0F0004840F96C
:10DEF000840481B9F30B00F9F30302AA0140218BDA
:10DF00008400008B2600028BDF0004EB0901005423
:10DF1000000000D000F83F9130DFFF970000801232
:10DF2000F30B40F9FD7BC2A8C0035FD6E00305AA4E
:10DF300001FEFF977F020071001840FA21FFFF5495
:10DF4000F7FFFF170148403961050034022040B94E
:10DF50005F04003100050054FD7BBDA9C100805263
:10DF6000FD030091F35301A9F30300AA407C011BB8
:10DF7000F55B02A9630E40B90200010B74224079DF
:10DF80005F00036B7500004B760240F9B582811A81
:10DF90009402000BE103152AE003142AE20316AAF7
:10DFA000C7FFFF97C000F83600008012F35341A965
:10DFB000F55B42A9FD7BC3A8C0035FD60009A0F0B2
:10DFC000000044391F080071800000547F4A003966
:10DFD00000008052F6FFFF17600E40B9E20316AA58
:10DFE000E103152A8002000BB5FFFF9700FFFF3603
:10DFF000EEFFFF1700008052C0035FD6FD7BBBA978
:10E000003F040071FD030091F35301A9F55B02A9E0
:10E01000F76303A9F92300F929010054F40300AAC6
:10E02000000840B91F800071600900541F40007152
:10E03000C00900543FBC3F71C9000054000000D02B
:10E0400000680991E5DEFF97000080523700001458
:10E050001F300071000600541F80007161FFFF54E3
:10E0600093324079C0008052737E001B737E02138E
:10E070003508D31A802240B97386151B1F00156B13
:10E0800060020054C1008052800E40B9982240794D
:10E09000B67E011B990240F9C202010B1700164B14
:10E0A0005F00006BE00314AAF782811AA6FFFF97B6
:10E0B000E004F837E20319AAE103172A0003160B5C
:10E0C00087FEFF9720FCFF37952200B9800A40B9F0
:10E0D0001F400071600300541F8000712002005433
:10E0E0001F30007121FBFF546106130B820240F9BF
:10E0F000217C015320040011416861384068603878
:10E100002020000B53000036007C0453002C00122A
:10E11000060000149332407973761E53D5FFFF1723
:10E12000800240F9005873B8F35341A9F55B42A946
:10E13000F76343A9F92340F9FD7BC5A8C0035FD667
:10E14000800240F900587378F8FFFF170000801232
:10E15000F6FFFF17E0FD9F52E0FFA1723F00006B4A
:10E16000E8F6FF54BFFFFF17E0FD9F523F00006B32
:10E1700068F6FF54933240797306130BBDFFFF1707
:10E18000430080D20400038B85F05F38440080B9DF
:10E1900025682438440040B925C864386500003536
:10E1A00020008052C0035FD684040011440000B9EF
:10E1B000630800917F3000F161FEFF54040080D2BB
:10E1C0000300048B65384039430080B92568233843
:10E1D000430040B925C8633845FEFF34630400118D
:10E1E000430000B9840800919F3000F1A1FEFF5464
:10E1F0000470403924C82338430040B924C8633828
:10E2000004FDFF3463040011430000B90078403975
:10E2100020C82338400040B921C8603821FCFF34B1
:10E2200000040011400000B900008052DEFFFF171B
:10E23000FD7BBAA9FD030091F35301A9F55B02A987
:10E24000F60304AAF76303A9F70300AA0030407994
:10E25000F92300F9F90303AA41020034E3364079B7
:10E2600033034039007C031BBF5F00B9F50319AAD3
:10E27000737A1912731E001242C0208B7F26007120
:10E280006902005400008012F35341A9F55B42A9D2
:10E29000F76343A9F92340F9FD7BC6A8C0035FD605
:10E2A00043008052EFFFFF17930A0034A002403969
:10E2B00000781912001C00127F02006B41FEFF540F
:10E2C00073060051B5820091731E0012BF0202EB6B
:10E2D000C3FEFF5481FDFF34E00317AA48FFFF97F8
:10E2E0001F0400714D010054E10A40B93F800071E4
:10E2F000600100543F40007102FE815201FE9F52B6
:10E300004210811A5F00006BEC000054000000D046
:10E3100000F0099131DEFF97DBFFFF17E25F1C324F
:10E32000F9FFFF17E13240791808A0D0E3364079B1
:10E3300014030491E20314AA637C011BE103002A85
:10E34000E00317AA637C4093FEFDFF97C0F9FF35F9
:10E3500073030035E70314AA18030491FF0018EBB8
:10E3600008040054B58200D1A2730191E10316AAFA
:10E37000E00315AA83FFFF9760000035A002403933
:10E3800020FF3736A05F80B9DF6A2038C0024039ED
:10E390001F94037161030054DF020039E00316AAE1
:10E3A000A2FDFF97020480D2E10314AAE00319AA98
:10E3B00043DCFF9700008052B4FFFF178002403912
:10E3C00000781912001C00127F02006BC1F5FF5487
:10E3D0007306005194820091731E0012DDFFFF1737
:10E3E000E78000D1A2730191E10316AAE00307AA16
:10E3F00064FFFF97DAFFFF17F40315AADAFFFF1790
:10E400001F140071C1FCFF5440038012C002003988
:10E41000E3FFFF17FD7BBDA9FD030091020C40F94E
:10E42000F35301A99407A0D042FC0091F51300F921
:10E4300042E47A92804600F9420001918007A0D020
:10E44000FF6322CB00400291F3FF0091020C80D2C7
:10E4500073E67A921ADCFF97E20313AA2100805236
:10E46000000080529EFDFF971F04007120010054A0
:10E470009F4600F915008012BF030091E003152AA2
:10E48000F35341A9F51340F9FD7BC3A8C0035FD640
:10E49000420080D2010000D060FA079121CC0691A1
:10E4A00023DCFF97F503002A40FEFF35010000D072
:10E4B000620080D221A43B9160DA00911CDCFF97BE
:10E4C000C0FDFF34010000D0A20080D221B43B91F6
:10E4D000604A019116DCFF9700FDFF34E5FFFF174E
:10E4E000FD7BB8A98207A0D0FD030091F35301A9D9
:10E4F000F30300AA5F4400F9F403012AA283009108
:10E50000C1DEFF974002003454010034620640B976
:10E51000E103142A000000D000200691AFDDFF9730
:10E5200000008012F35341A9FD7BC8A8C0035FD649
:10E53000600A40F9BF0302A9600E40F9A01B00F970
:10E54000BFE30039BF630139BF7B00B9A1830091EC
:10E55000E00313AAB0FFFF97F3FFFF17FF432AD191
:10E56000FD7B00A9FD030091F35301A9F30300AA69
:10E57000F55B02A9A0430591F76303A9F603042AFA
:10E58000A15300F9F80306AAA26700F9A1A3039119
:10E59000F96B04A9A2C30491FB7305A9A33F00F979
:10E5A000A58300B9FBFDFF97A09F00B9E003002AF7
:10E5B0006001003413008012E003132AFD7B40A9A0
:10E5C000F35341A9F55B42A9F76343A9F96B44A949
:10E5D000FB7345A9FF432A91C0035FD6A43341B919
:10E5E0009F80007181030054A07F41B9A0C700B98A
:10E5F000A07741B9A03701B9A0BF42798207A0D066
:10E60000A13741B9B7834539A0730279425040F927
:10E61000F702011BA1734539A06F4539B73F01B916
:10E62000211C18532100000BA0774539213C001212
:10E63000A1830279A0870279233C40927F0002EBFC
:10E6400020010054000000D000DC039163DDFF973F
:10E65000D9FFFF17A0CF4279BFC700B9A03701B9D2
:10E66000E6FFFF17E206004B9F8000714104005453
:10E67000BF8700B9A24701B900008012A04B01B9C1
:10E68000C0008052BFEB0439217C001B000880D2FF
:10E69000217C40938AD6FF97A09700F9C0F8FFB479
:10E6A000810B8052600240391FBC00710410417A16
:10E6B00040030054E10313AAB4430A91E00314AAEF
:10E6C00011DBFF97E00314AA150080D2D7FCFF9757
:10E6D000B45B00F9E0FF9F52A09B00B9BFFF172970
:10E6E000A0434A39E0010035D607003513008012F7
:10E6F000A5000014A08B4539A48745398020000B64
:10E70000007C7B930008C39AA08700B94000000BEF
:10E71000A04701B9D9FFFF1773060091E2FFFF1769
:10E72000A05B40F9CCFCFF972005F837A15B40F9CE
:10E73000007C40933F682038000400913C00008B2F
:10E74000810B8052800340391FBC00710410417A54
:10E75000A0030054330080521900805220008052E0
:10E76000A13341B99A07A0D03F80007180040054C2
:10E7700060040035A2834279400304915A00008B63
:10E78000E1031AAA4EDBFF97A03341B91F80007145
:10E79000A1030054F9000035A1874279E2031AAAC7
:10E7A000E003172ACEFCFF9720FAFF37F5031AAAD9
:10E7B0001B0000D0F40315AA7BF30491BF5700F9A6
:10E7C000390000149C070091DFFFFF17DF02007182
:10E7D000000000D0F3079F1A1C840591DFFFFF178C
:10E7E000000000D0130080521C8405915600805216
:10E7F000DAFFFF1700008052DAFFFF175A03049177
:10E80000E2FFFF1741008052E5FFFF178502403904
:10E81000BF430639BF940371E00300548122009185
:10E82000E00314AA99FCFF97001C0012812E4039C6
:10E83000A1091836210C00123F3C0071C10200549E
:10E84000A5023036A1C740B9A443069180364039AD
:10E85000E30314AAA09B00B9E2031AAAA0A304919F
:10E8600074FEFF97DF0A0071C1090054802E403901
:10E8700040062036A0BF40B9A1430691E205805270
:10E8800000040011A0BF00B9000000D000A804914E
:10E89000D2DCFF97A05740F99482009100040091C8
:10E8A000A05700F9A0834279F50314AAA15740F9B3
:10E8B000003C45D31F0001EBA8FAFF54A03341B937
:10E8C000390700111F800071A10C0054A087427904
:10E8D0001F00196B01F9FF54A1C740B9A0A304910F
:10E8E00019008052C6FDFF97A0C700B9E003002AB7
:10E8F000B787427901080051A0FD9F52E0FFA17245
:10E90000A2C740B93F00006BA14741B9E0979F1AE9
:10E91000F706021B00F7FF34DF0A007181EEFF5497
:10E92000A2875729000000D000240591ABDCFF9797
:10E930001F0300F96EFFFF17A0434639C0FAFF34EA
:10E94000A0C340B9A2430691030480520004001101
:10E95000A0C300B9811E40B9E0031BAA9FDCFF974A
:10E96000CDFFFF17DF0A007145010035C1050054D6
:10E97000A2875729000000D00024059197DCFF975B
:10E98000B39F40B9A09740F96AD3FF970BFFFF17D9
:10E9900081000054A19B40B93F00006BA0040054CB
:10E9A000A1630391E00314AAC7FCFF97DF0A00717B
:10E9B00041020054812E4039A063433901012036C1
:10E9C000A0F6FF34A0BF40B9E2058052A1630391D5
:10E9D00000040011A0BF00B9ACFFFF17C0F5FF3461
:10E9E000A0C340B903048052A26303910004001144
:10E9F000A0C300B9D8FFFF17A05B40F9A163039142
:10EA000047DAFF97A0000034A05B40F9A1430691CC
:10EA100043DAFF9700F4FF3533010034802E40398C
:10EA2000E000203700008012A09F00B9D5FFFF173B
:10EA3000E0FF9F52A09B00B997FFFF172000805274
:10EA4000A0AB00B9F3010035A08340B9B71E40B9AF
:10EA5000201D0034170300F9CBFFFF17A03F41B979
:10EA6000F7060011A18740B93F0B0071E002004B8F
:10EA700039139F1A1F00016BE0379F1AA6FFFF177B
:10EA8000E10315AA020480D2A02304918CDAFF9737
:10EA9000E0031CAAF0FBFF97A09700B9E003002A4F
:10EAA0006009F837B49780B9810B80529F6B343876
:10EAB000940600919403148B800240391FBC0071AE
:10EAC0000410417A0008005417008052B600003448
:10EAD0001F000071A0AB40B900109F1AA0AB00B995
:10EAE000A03341B9B94742791F80007161080054D1
:10EAF000A03B4279003C10533903000BE0FF9F52CA
:10EB00001B008052A09300B9BFBB00B98008A0D001
:10EB100000000491A03B00F9A0834279BAA30491BC
:10EB2000A3874279E103192AA23B40F9637C001BC9
:10EB3000E0031AAA637C409302FCFF97800C003527
:10EB40009508A0D0B5820491000000D0BF4700F91D
:10EB500000F00491BA0306A9A1834279BA8200D1D8
:10EB6000A0874279007C011BA14740F9007C4093BB
:10EB70003F1440EB63040054E103192AA0A304915D
:10EB80001FFDFF97F903002A1F040071490100547B
:10EB9000A03341B91F800071401000541F40007124
:10EBA00001FE815200FE9F520000811A3F03006B5C
:10EBB00043FBFF54000000D000F0099107DCFF97F1
:10EBC0004300001494060091BCFFFF17A0AB40B9AE
:10EBD000DF020071140080D20000001200109F1AA2
:10EBE0001F000071A0AB40B973129F1AD7029F1A81
:10EBF00000009F1ABAFFFF1700008052BFFFFF17E7
:10EC0000A1025E38BF4306393F94037140030054AC
:10EC1000A0B25E38C0041836000C00121F3C007110
:10EC2000A102005481023036A0D25E38A44306917E
:10EC3000A09300B9E3031AAAA03340F9E103192A0B
:10EC4000A23B40F97BFDFF9737030034A0B25E384A
:10EC5000C0012036A0BB40B9A1430691E205805215
:10EC600000040011A0BB00B9000000D000A804916E
:10EC7000DADBFF97A04740F9B582009100040091CC
:10EC8000A04700F9B5FFFF17A043463940FFFF3406
:10EC90007B070011A243069103048052A1C25FB812
:10ECA000A03740F9CDDBFF97F3FFFF17A0025E38D6
:10ECB000A0010035D7000034A2BB40B9000000D04D
:10ECC000E1031B2A00240591C4DBFF977302005265
:10ECD000DF0200717302001273129F1A93D0FF3487
:10ECE00014FFFF17A16200D1E0031AAA67FBFF9788
:10ECF000001C001297000034A19340B91F00016B63
:10ED0000A0040054A1630391E0031AAAEEFBFF974D
:10ED1000F7010034A0B25E38E0002036A0BB40B955
:10ED2000E2058052A163039100040011A0BB00B969
:10ED3000CEFFFF17A0634339E0F9FF347B070011D2
:10ED400003048052A2630391D5FFFF17A1630391CF
:10ED5000E0031CAA72D9FF97A0000034A1430691DA
:10ED6000E0031CAA6ED9FF9760F8FF35020480D239
:10ED7000E1031AAAA0230491D1D9FF9773010035AA
:10ED8000A09740B9B52304911F0000719CA29C9AE2
:10ED90002DFFFF17E0FF9F52A09300B9B6FFFF17AA
:10EDA000E05F1C3282FFFF17A04F443900CA2736AC
:10EDB000A03341B91F80007161000054B73B427914
:10EDC000F73E1053A04742791F00172BA1FDFF54B7
:10EDD000740000B5140000D094860591A05B40F942
:10EDE000E10314AAB523049147D9FF97B73F41B96E
:10EDF0003CFEFF17A02A4079A13341B9B4364079CF
:10EE00003F8000711F0300F9A15340F9003C1053EB
:10EE100000009F1AB6874279A28342793F0017EB20
:10EE20006B00005413008052D7FEFF17A13F40F93A
:10EE30003F0000F1CD000054A33F40F9A15340F939
:10EE40002100038BFF0201EBF7D2819AD67E021BD1
:10EE50009402000B15FE9F5219FE8152D67E4093FC
:10EE6000F30316AAA05340F91F0013EB6A020054E3
:10EE7000730216CBF50213CB130013EB800700547B
:10EE8000DF0215EB1908A0D0D7D2959A3903049167
:10EE9000E20319AAE103142AE37E4093A0A304919C
:10EEA00028FBFF97C0020034000000D000880591C5
:10EEB0004ADBFF970EFEFF17E103142AA0A304917B
:10EEC0004FFCFF97F403002A1F040071C9FAFF5496
:10EED000A03341B91F800071E00000541F40007151
:10EEE000A002991A9F02006BE2F9FF547302168B7D
:10EEF000DDFFFF17E05F1C32FBFFFF17A06740F943
:10EF0000B50217CBF70213CB2103138BE20317AA29
:10EF10006BD9FF97000340F90000178B000300F93D
:10EF200035F8FFB4A06740F9E103142A0000178BFD
:10EF3000A06700F9A0A3049131FCFF97F403002A15
:10EF40001F04007109F7FF54A03341B91F800071FD
:10EF5000000300541F40007101FE815200FE9F52C9
:10EF60000000811A9F02006BE2F5FF54F70316AA16
:10EF7000FB03142A19FE9F521AFE8152FF0215EB61
:10EF8000CB010054A26740F9A37E4093E103142A09
:10EF9000A0A30491EBFAFF97F303002A60F8FF3572
:10EFA000000340F91500158B150300F976FEFF17D5
:10EFB000E05F1C32ECFFFF17E1031B2AA0A30491C2
:10EFC0000FFCFF97010400517F03016B41020054C5
:10EFD0001F04007189F2FF54A13341B93F800071D1
:10EFE000000100543F40007121039A1A1F00016B79
:10EFF000A2F1FF54F702168BFB03002AE0FFFF1774
:10F00000E15F1C32FAFFFF17F70316AAE003142A88
:10F01000FAFFFF17A26740F9FC7E4093E3031CAAA6
:10F02000E103142AA0A30491C6FAFF97F303002A70
:10F03000C0F3FF35030340F9E1031B2AA06740F941
:10F04000B50217CB63001C8B030300F90000178B7C
:10F05000A06700F9A0A30491E9FBFF97F403002A3D
:10F060001F04007109010054A03341B91F800071D1
:10F07000200100541F40007120039A1A9F02006B68
:10F0800043FCFF54000000B000F00991D3DAFF9771
:10F090003DFEFF17E05F1C32F9FFFF17FD7BBCA9A7
:10F0A000FD030091F35301A9F30300AAF55B02A944
:10F0B000F40301AAF71B00F9F50302AAF70304AA57
:10F0C000F60303AAE10300AA000000B000EC0791D8
:10F0D000C2DAFF97E60317AAE30316AAE20315AA0A
:10F0E000E10314AAE00313AAF71B40F9F35341A963
:10F0F00005008052F55B42A904008052FD7BC4A844
:10F1000017FDFF17FD7BBEA9437C4093E20301AAD4
:10F11000010080D2FD030091A4630091E0FFFF97FE
:10F1200040000035A01B40B9FD7BC2A8C0035FD6DC
:10F13000200CE1FF00000000300CE1FF00000000A7
:10F14000200CE1FF00000000230CE1FF00000000A4
:10F15000280CE1FF000000002D0CE1FF0000000082
:10F160002D0CE1FF00000000200CE1FF000000007A
:10F170009B0EE1FF00000000000000000000000006
:10F18000000000000000000000000000000000007F
:10F19000000000000000000000000000000000006F
:10F1A0000000000000000000ECB2E0FF00000000E2
:10F1B000FCB0E0FF000000004CB0E0FF00000000E9
:10F1C00000000000000000005020D1FF00000000FF
:10F1D0000100000014000000080000000000000012
:10F1E0005420D1FF000000000200000014000000C5
:10F1F00008000000000000005820D1FF00000000BF
:10F2000003000000140000000800000000000000DF
:10F210005C20D1FF0000000004000000000000009E
:10F2200010000000000000002C20D1FF00000000B2
:10F2300005000000100000001000000000000000A9
:10F240003820D1FF00000000060000001000000080
:10F2500010000000000000003C20D1FF0000000072
:10F260000700000010000000100000000000000077
:10F270007420D1FF00000000080000000000000022
:10F2800010000000000000007820D1FF0000000006
:10F290000900000000000000100000000000000055
:10F2A000A88DE0FF00000000CC93E0FF000000000C
:10F2B000000000000000000000000000000000004E
:10F2C000AF0EE1FF000000000000000000000000A1
:10F2D000000000000000000000000000000000002E
:10F2E000000000000000000000000000000000001E
:10F2F000000000000000000054C1E0FF000000001A
:10F30000E8C0E0FF00000000C0C0E0FF0000000017
:10F3100000000000000000005B0CE1FF00000000A6
:10F320000000000000000000660CE1FF000000008B
:10F3300000000000000000000000000000000000CD
:10F3400000000000000000007C79E0FF00000000E9
:10F3500000000000000000000000000000000000AD
:10F36000688BE0FF000000003C0CE1FF00000000A3
:10F3700000000000000000007F0CE1FF0000000022
:10F38000000000000000000000000000000000007D
:10F390000000000000000000AC0CE1FF00000000D5
:10F3A0000102130000000300000001001000000033
:10F3B0000001000000000000B60CE1FF00000000AA
:10F3C0000102140000000300000001002000000002
:10F3D0000001000000000000C00CE1FF0000000080
:10F3E00001021500000003000000010040000000C1
:10F3F0000001000000000000CA0CE1FF0000000056
:10F40000010216000000030000000100800000005F
:10F410000001000000000000D40CE1FF000000002B
:10F420000140150000000300000001008000000002
:10F430000001000000000000DE0CE1FF0000000001
:10F44000014017014000050000000100800000009D
:10F450000001000000000000E80CE1FF00000000D7
:10F460000120180300000500000004004000000017
:10F470000001F80000000000F70CE1FF00000000B0
:10F480000120180301000500000001000001000038
:10F490000001F80000000000050DE1FF0000000081
:10F4A0000102154D000005000000010040000000B1
:10F4B0000001F800000000000F0DE1FF0000000057
:10F4C0000102164D00000500000001008000000050
:10F4D0000001F80000000000190DE1FF000000002D
:10F4E0000120184D0000050000000400400000004D
:10F4F0000001F80000000000280DE1FF00000000FE
:10F500000120184D0100050000000100000100006D
:10F510000001F80000000000360DE1FF00000000CF
:10F520000102194D000005000000040080000000E9
:10F530000001F80000000000450DE1FF00000000A0
:10F540000102194D01000500000001000002000049
:10F550000001F80000000000530DE1FF0000000072
:10F560000102194D018106000000010000020000A7
:10F570000001F90000000000610DE1FF0000000043
:10F580000102204D00810600000002000002000080
:10F590000001F900000000006B0DE1FF0000000019
:10F5A0000102204D000005000000040000010000E1
:10F5B0000001F800000000007A0DE1FF00000000EB
:10F5C0000102204D010005000000010000040000C0
:10F5D0000001F80000000000880DE1FF00000000BD
:10F5E0000102204F0000050000000400000100009F
:10F5F0000001F80000000000970DE1FF000000008E
:10F600002020110000000300008000000400000022
:10F6100000010000000000009E0DE1FF000000005E
:10F620002020120000000300000001000400000080
:10F630000001000000000000A50DE1FF0000000037
:10F64000202013000000030000000100080000005B
:10F650000001000000000000AC0DE1FF0000000010
:10F660002020140000000300000001001000000032
:10F670000001000000000000B30DE1FF00000000E9
:10F680002020150000000300000001002000000001
:10F690000001000000000000BA0DE1FF00000000C2
:10F6A000208015100000050000000100200000006F
:10F6B0000001000000000000C20DE1FF000000009A
:10F6C000207115100000050000000100200000005E
:10F6D0000001300000000000CA0DE1FF0000000042
:10F6E0002020160000000300000001004000000080
:10F6F0000001000000000000D10DE1FF000000004B
:10F70000202017000000030000000100800000001E
:10F710000001000000000000D80DE1FF0000000023
:10F72000202018000000030000000400400000003A
:10F730000001000000000000E00DE1FF00000000FB
:10F74000207117000000030000000100800000008D
:10F750000001010000000000E80DE1FF00000000D2
:10F7600020BB150000000300000001002000000085
:10F770000001010000000000F10DE1FF00000000A9
:10F7800020BA160000000300000001004000000045
:10F790000001F90000000000F80DE1FF000000008A
:10F7A00020BB160000000300000001004000000024
:10F7B0000001F90000000000000EE1FF0000000061
:10F7C00020BA1700000003000000010080000000C4
:10F7D0000001F90000000000070EE1FF000000003A
:10F7E00020BB1700000003000000010080000000A3
:10F7F0000001F900000000000F0EE1FF0000000012
:10F8000020BA180000000300000001000001000001
:10F810000001F80000000000170EE1FF00000000EA
:10F8200020BB1800000003000000010000010000E0
:10F830000001F80000000000200EE1FF00000000C1
:10F8400020BA1900000003000000010000020000BF
:10F850000001F90000000000280EE1FF0000000098
:10F8600020BB19000000030000000100000200009E
:10F870000001F90000000000310EE1FF000000006F
:10F8800020BA200000000300000001000004000076
:10F890000001FB0000000000390EE1FF0000000045
:10F8A00020BB200000000300000001000004000055
:10F8B0000001FB0000000000420EE1FF000000001C
:10F8C00020BA210000000300000001000008000031
:10F8D0000001FB00000000004B0EE1FF00000000F3
:10F8E00020BB210000000300000001000008000010
:10F8F0000001FB0000000000550EE1FF00000000C9
:10F9000020BB2100000003000000010000080000EF
:10F910000001FB00000000005F0EE1FF000000009E
:10F9200020BB2200000003000000010000100000C6
:10F930000001FB0000000000690EE1FF0000000074
:10F9400020BA2200000003000000010000100000A7
:10F950000001FB00000000000000000000000000AB
:10F960000000000000000000000000000000000097
:10F970000000000000000000A20CE1FF00000000F9
:10F980000000000000000000000000000000000077
:10F9900000000000000000005C9AE0FF0000000092
:10F9A000209AE0FF00000000F499E0FF0000000052
:10F9B000EFBEADDEEFBEADDEEFBEADDEEFBEADDE67
:10F9C000EFBEADDE000E131618000000000A0E1187
:10F9D00013000000000E131719000000F5F566581B
:10F9E000F50944484C506A6A6A6A540E0BF536347D
:10F9F000F505181C20242C2C2C2C28380F00A200D4
:10FA0000A200A200A200A200A200A2000400040022
:10FA1000A200A200A200A20049007600F5F54B3535
:10FA2000F5052125292D4D4D4D4D310A06000000CB
:10FA300005000000020000000100000000000000BE
:10FA400000000000040000000800000000000000AA
:10FA50000000000024000000280000001027000023
:10FA6000A086010040420F0080969800000914090A
:10FA7000F0F0F0F009000000000C0C0E1010101057
:10FA80006F7174760D009E00A0001000A200A4000B
:10FA9000A600A800000000002000000040000000B8
:10FAA00080000000000100000002000000040000CF
:10FAB00000080000001000000020000000400000CE
:10FAC000006000000080000000C000000000010095
:10FAD0000000020008000000040000000800000010
:10FAE000040000000100000073706C5F72656769BC
:10FAF000737465725F6661745F64657669636500DF
:10FB000073706C5F6C6F61645F696D6167655F6680
:10FB10006174006D6D635F696E69740008080808A0
:10FB200008080808082828282828080808080808B5
:10FB3000080808080808080808080808A010101095
:10FB400010101010101010101010101004040404E5
:10FB5000040404040404101010101010104141415A
:10FB600041414101010101010101010101010101C5
:10FB70000101010101010110101010101042424258
:10FB80004242420202020202020202020202020295
:10FB9000020202020202021010101008000000000F
:10FBA0000000000000000000000000000000000055
:10FBB000000000000000000000000000A010101075
:10FBC0001010101010101010101010101010101035
:10FBD0001010101010101010101010100101010161
:10FBE0000101010101010101010101010101010105
:10FBF00001010110010101010101010202020202E1
:10FC000002020202020202020202020202020202D4
:10FC100002020210020202020202020225732E25D3
:10FC200073004444523A20496E697469616C697A80
:10FC3000696E672048617264204D656D6F7279202E
:10FC4000436F6E74726F6C6C65720A004444523A72
:10FC500020496E697469616C697A6174696F6E209C
:10FC60006661696C65642E0A004444523A2025643A
:10FC7000204D69420A004444523A2052756E6E6922
:10FC80006E6720534452414D2073697A6520736139
:10FC90006E69747920636865636B0A004444523A64
:10FCA00020534452414D2073697A6520636865632F
:10FCB0006B206661696C6564210A004444523A20F5
:10FCC000534452414D2073697A6520636865636BC4
:10FCD00020706173736564210A00547279696E67DC
:10FCE00020746F20626F6F742066726F6D202573B1
:10FCF0000A0053504C3A20556E737570706F7274D1
:10FD0000656420426F6F7420446576696365210ADB
:10FD10000053504C3A206661696C656420746F2012
:10FD2000626F6F742066726F6D20616C6C20626F01
:10FD30006F7420646576696365730A005153504996
:10FD40003A20496E76616C696420696E7075742022
:10FD5000617267756D656E747320636D646C656E3A
:10FD60002025642072786C656E2025640A0051534A
:10FD700050493A20496E76616C696420696E7075ED
:10FD80007420617267756D656E747320636D646C49
:10FD9000656E2025642074786C656E2025640A00E9
:10FDA000515350493A20666C61736820636F6D6DE2
:10FDB000616E6420657865637574696F6E2074691F
:10FDC0006D656F75740A00496E64697265637420AD
:10FDD00077726974652074696D6564206F7574202D
:10FDE000282569290A00496E646972656374207266
:10FDF00065616420636F6D706C6574696F6E2065FA
:10FE000072726F7220282569290A00496E6469722E
:10FE100065637420777269746520636F6D706C65BB
:10FE200074696F6E206572726F7220282569290AC5
:10FE300000515350493A2069496E76616C696420DB
:10FE4000696E70757420617267756D656E742C20B3
:10FE50006C656E20256420636D6462756620307861
:10FE6000253038780A00515350493A2051535049AF
:10FE7000206973207374696C6C20627573792061DA
:10FE80006674657220706F6C6C20666F72202564DA
:10FE90002074696D65732E0A007372616D2D73692C
:10FEA0007A65004572726F723A207375626E6F6484
:10FEB0006520776974682053504920666C617368C7
:10FEC00020636F6E666967206D697373696E672161
:10FED0000A00706167652D73697A6500626C6F63F3
:10FEE0006B2D73697A6500747368736C2D6E730083
:10FEF00074736432642D6E730074636873682D6E5E
:10FF0000730074736C63682D6E730053463A20431C
:10FF1000616C6962726174696F6E206661696C659B
:10FF200064202872656164290A0053463A204361BF
:10FF30006C6962726174696F6E206661696C656478
:10FF400020286C6F772072616E6765290A00515313
:10FF500050493A204572726F722C20636F6D6D614B
:10FF60006E6420697320656D7074792E0A004D509F
:10FF7000552020202020202020202564206B487A36
:10FF80000A004C33206D61696E20202020202564FA
:10FF9000206B487A0A004D61696E2056434F20203D
:10FFA00020202564206B487A0A0050657220564351
:10FFB0004F20202020202564206B487A0A00454FDE
:10FFC000534331202020202020202564206B487AB4
:10FFD0000A00485053204D4D432020202020256406
:10FFE000206B487A0A0055415254202020202020BE
:10FFF00020202564206B487A0A00726567006572CC
:02000004FFE11A
:10000000726F723A206F766572666C6F77206F63DD
:10001000637572730A00752D626F6F742C646D2D99
:100020007072652D72656C6F6300752D626F6F74F1
:100030002C646D2D73706C00426164206D6F64657B
:1000400020696E20224572726F72222068616E6490
:100050006C65722C20657372203078253038780AF0
:1000600000426164206D6F646520696E20224669DC
:1000700071222068616E646C65722C206573722039
:100080003078253038780A00426164206D6F6465ED
:1000900020696E2022497271222068616E646C654D
:1000A000722C20657372203078253038780A00422F
:1000B0006164206D6F646520696E202253796E63E0
:1000C00068726F6E6F75732041626F727422206860
:1000D000616E646C65722C206573722030782530F7
:1000E00038780A00526573657474696E67204350EE
:1000F00055202E2E2E0A004572726F723A2046410C
:100100005420736563746F722073697A65206D691A
:10011000736D61746368202866733D2568752C20B3
:100120006465763D256C75290A002020202020205A
:10013000202020202020257325630A0020253875E3
:10014000202020257325630A000A25642066696C37
:10015000652873292C202564206469722873290A74
:100160000A004572726F722072656164696E672061
:10017000636C75737465720A007265736574746973
:100180006E67202E2E2E0A002A2A20506172746972
:1001900074696F6E202564206E6F742076616C69BF
:1001A00064206F6E20646576696365202564202A6B
:1001B0002A0A0055AA0023616464726573732D6373
:1001C000656C6C73002F616C6961736573002373D8
:1001D000697A652D63656C6C73002F636F6E666959
:1001E0006700737461747573006F6B6179004D699A
:1001F0007373696E67204454420A007265616469D2
:100200006E672025730A004D4D432044657669636F
:1002100065202564206E6F7420666F756E640A0019
:100220004641543A204D6973616C69676E6564207C
:1002300062756666657220616464726573732028F6
:100240002570290A0043616E6E6F742066696E64C2
:1002500020636F6E736F6C650A004572726F723A3D
:1002600020496E76616C69642046415420656E7445
:1002700072793A203078253038780A00496E7661F4
:100280006C69642046415420656E7472790A0023BB
:100290002323204552524F522023232320506C65A4
:1002A0006173652052455345542074686520626F20
:1002B000617264202323230A00636F6D7061746987
:1002C000626C6500515350493A205265666572650B
:1002D0006E636520636C6F636B20617420256420FE
:1002E000487A0A006D6D635F626C6B004D4D433A56
:1002F00020626C6F636B206E756D62657220307862
:10030000256C782065786365656473206D61782855
:100310003078256C78290A006D6D63206661696C00
:1003200020746F2073656E642073746F7020636D2A
:10033000640A0025733A2025642C2074696D6520B9
:10034000256C750A006D6D635F6C6F61645F696D2C
:100350006167655F7261775F736563746F723A207E
:100360006D6D6320626C6F636B20726561642065E4
:1003700072726F720A0053746174757320457272E1
:100380006F723A203078253038580A0054696D650C
:100390006F75742077616974696E67206361726438
:1003A0002072656164790A004D4D433A206E6F20DA
:1003B000636172642070726573656E740A004361D4
:1003C000726420646964206E6F7420726573706F4C
:1003D0006E6420746F20766F6C746167652073653E
:1003E0006C656374210A004D4D433A205345545FB8
:1003F000445352206661696C65640A00000A0C0D62
:100400000F14191E23282D32373C465078780025CA
:100410007325632564000A552D426F6F7420535075
:100420004C20323031372E30392D30303030312DB4
:10043000673730656231343531323320284D61728F
:100440002031332032303232202D2031383A3330CF
:100450003A3536290A0020457874640020426F6FCF
:1004600074002A2A2043616E27742072656164201B
:10047000706172746974696F6E207461626C65205A
:100480006F6E2025643A256C75202A2A0A00626165
:1004900064204D425220736563746F7220736967E4
:1004A0006E6174757265203078253032782530326F
:1004B000780A0025336409252D31306C7509252D06
:1004C00031306C7509253038782D25303278092582
:1004D000303278257325730A004641543332202088
:1004E000200046415431322020200046415431360C
:1004F000202020004D61696C626F783A2049737347
:1005000075696E67206D61696C626F7820636D64D8
:10051000205245424F4F545F4850530A00534452B3
:10052000414D3A20496E697469616C697A696E67F8
:100530002045434320307825303878202D203078EE
:10054000253038780A00534452414D2D4543433AF3
:1005500020496E697469616C697A6564207375639A
:10056000636573732077697468202564206D730A4E
:10057000004444523A20656D69665F636C65617240
:100580002829206661696C65640A004444523A2057
:100590005472696767657272696E6720656D696616
:1005A0005F72657365740A004444523A20656D6950
:1005B000665F7265736574207472696767657265DA
:1005C0006420737563636573736C790A00444452E5
:1005D0003A20484D4320696E6974207375636365E2
:1005E00073730A004444523A206661696C65642062
:1005F000746F206765742061636B2066726F6D2075
:10060000454D49460A004444523A204572726F7281
:1006100020617320534452414D2063616C696272C2
:100620006174696F6E206661696C65640A00444498
:10063000523A2043616C6962726174696F6E207313
:100640007563636573730A004444523A20457272BD
:100650006F7220617320484D4320636C6F636B2081
:100660006E6F742072756E6E696E670A00454C522B
:100670003A2020202020256C780A004C523A202075
:1006800020202020256C780A0078252D32643A201D
:10069000253031366C782078252D32643A2025308B
:1006A00031366C780A0072616E6765730044574D8D
:1006B0004D433A204D4D4320636C6F636B2069734B
:1006C000207A65726F21006669666F2D64657074AB
:1006D000680044574D4D433A2043616E27742067AC
:1006E0006574204649464F2064657074680A00644A
:1006F000727673656C00736D706C73656C006F66F9
:100700006673657420307825782069732070726F65
:1007100074656374656420616E642063616E6E6FDE
:1007200074206265206572617365640A006F666695
:1007300073657420307825782069732070726F7427
:10074000656374656420616E642063616E6E6F74AE
:10075000206265207772697474656E0A006D656D3C
:100760006F72792D6D6170007370695F666C617373
:10077000680053463A206572726F722025642072B9
:10078000656164696E67204A454445432049440ACF
:100790000053463A20756E7265636F676E697A65BD
:1007A00064204A4544454320696420627974657336
:1007B0003A20253032782C20253032782C202530F4
:1007C00032780A0053463A205370616E73696F6E37
:1007D000204352205175616420626974206E6F74E9
:1007E00020636C6561720A0053463A204E65656469
:1007F00020736574205145422066756E6320666FD4
:1008000072202530327820666C6173680A00534686
:100810003A204661696C656420746F2073657420AA
:10082000757020736C6176650A0053463A205469EE
:100830006D656F7574210A00496E76616C6964207C
:1008400062757320256420286572723D2564290A2B
:1008500000496E76616C6964206368697020736515
:100860006C6563742025643A256420286572723DA6
:100870002564290A007370692D6D61782D66726593
:100880007175656E63790043616E6E6F7420736578
:100890007420737065656420286572723D25642933
:1008A0000A0043616E6E6F7420736574206D6F640F
:1008B0006520286572723D2564290A007370692DD0
:1008C00063706F6C007370692D6370686100737082
:1008D000692D63732D68696768007370692D3377BC
:1008E000697265007370692D68616C662D6475703E
:1008F0006C6578007370692D74782D6275732D772F
:1009000069647468007370692D72782D6275732D37
:1009100077696474680025733A2066617420726593
:1009200067697374657220657272202D2025640AD0
:100930000025733A206572726F7220726561646976
:100940006E6720696D6167652025732C2065727262
:10095000202D2025640A0073706C3A20756E737523
:1009600070706F72746564206D6D6320626F6F7458
:10097000206465766963652E0A0073706C3A2063A3
:100980006F756C64206E6F7420696E697469616C38
:10099000697A65206D6D632E206572726F723A20E0
:1009A00025640A0073706C3A206D6D6320696E696E
:1009B00074206661696C656420776974682065726B
:1009C000726F723A2025640A0073706C3A206D6D64
:1009D0006320706172746974696F6E2073776974D3
:1009E0006368206661696C65640A0073706C3A2004
:1009F000706172746974696F6E206572726F720AC9
:100A000000752D626F6F742D6474622E696D6700BE
:100A100073706C3A206D6D633A2077726F6E672049
:100A2000626F6F74206D6F64650A0073706C3A209A
:100A3000636F756C64206E6F742066696E64206DE0
:100A40006D63206465766963652E206572726F72CE
:100A50003A2025640A00552D426F6F7400535049A7
:100A60002070726F6265206661696C65642E0A0091
:100A7000752D626F6F742C73706C2D7061796C6F53
:100A800061642D6F666673657400646973706C6170
:100A90007920636C6F636B730072737664005265C8
:100AA0007365727665640066706761004650474101
:100AB00020284850533246504741204272696467AB
:100AC0006529006E616E64004E414E4420466C61A3
:100AD00073682028312E385629004E414E44204656
:100AE0006C6173682028332E3056290053442F4DF3
:100AF0004D432045787465726E616C205472616E4E
:100B0000736365697665722028312E385629005343
:100B1000442F4D4D4320496E7465726E616C2054B4
:100B200072616E736365697665722028332E305664
:100B300029005153504920466C6173682028312E9A
:100B4000385629005153504920466C61736820285B
:100B5000332E3056290062726964676500536F4313
:100B6000465047412048505320465047412062722A
:100B70006964676520636F6E74726F6C00656E6187
:100B8000626C6520202D20456E61626C65204850A6
:100B9000532D746F2D465047412C20465047412D10
:100BA000746F2D4850532C204C574850532D746F60
:100BB0002D4650474120627269646765730A62720C
:100BC000696467652064697361626C65202D2045E6
:100BD0006E61626C65204850532D746F2D465047EE
:100BE000412C20465047412D746F2D4850532C20E6
:100BF0004C574850532D746F2D4650474120627218
:100C000069646765730A004D4D43325F32004D4D94
:100C10004332004D4D4331005350490052414D0085
:100C20006864007573626400646F6364006D6D6373
:100C3000736400444F5300726F6F7400726F6F746F
:100C40005F6472697665720067656E657269635F7D
:100C500073696D706C655F6275730073696D706C3C
:100C6000652D6275730073696D706C652D6D6664BA
:100C700000736F63667067615F64776D6D630061B9
:100C80006C74722C736F63667067612D64772D6D61
:100C9000736863007370695F666C6173685F737417
:100CA00064007370692D666C617368007332356619
:100CB0006C3030386100733235666C30313661002B
:100CC000733235666C3033326100733235666C30A6
:100CD00036346100733235666C3131366B007332F5
:100CE00035666C3136346B00733235666C313238B0
:100CF000705F3235366B00733235666C3132387066
:100D00005F36346B00733235666C3033327000738B
:100D10003235666C3036347000733235666C313281
:100D200038735F3235366B00733235666C3132386A
:100D3000735F36346B00733235666C323536735FF1
:100D40003235366B00733235666C323536735F364A
:100D5000346B007332356673323536735F36346BFD
:100D60000073323566733531327300733235666C19
:100D7000353132735F3235366B00733235666C3520
:100D80003132735F36346B00733235666C35313215
:100D9000735F3531326B006D3235703130006D323A
:100DA00035703230006D3235703430006D32357050
:100DB0003830006D3235703136006D323570453166
:100DC00036006D323570583136006D323570333241
:100DD000006D3235703634006D3235703132380086
:100DE0006D323570583634006E32357130313661BF
:100DF000006E3235713332006E323571333261003C
:100E00006E3235713634006E323571363461006EB3
:100E1000323571313238006E32357131323861001D
:100E20006E323571323536006E323571323536619B
:100E3000006E323571353132006E323571353132F6
:100E400061006E32357131303234006E32357131BD
:100E500030323461006D7432357175303167006D38
:100E60007432357175303267006D743235716C30A3
:100E70003267007370695F67656E657269635F648E
:100E80007276007370695F67656E6572696300638F
:100E90006164656E63655F73706900636164656E4C
:100EA00063652C717370690064775F737069007398
:100EB0006E70732C64772D6170622D737369006995
:100EC00064650073637369006174617069007573B0
:100ED0006200646F63007361746100686F73740013
:100EE000616365006E766D6500464154004641546D
:100EF000333200000000000000000000000000008D
:100F000000000000000000000000000000000000E1
:100F100000000000000000000000000000000000D1
:100F200000000000000000000000000000000000C1
:100F300000000000000000000000000000000000B1
:100F400000000000000000000000000000000000A1
:100F50000000000000000000000000000000000091
:100F60000000000000000000000000000000000081
:100F70000000000000000000000000000000000071
:100F80000000000000000000000000000000000061
:100F90000000000000000000000000000000000051
:100FA000900FE1FF00000000900FE1FF0000000043
:100FB000A00FE1FF00000000A00FE1FF0000000013
:100FC000B00FE1FF00000000B00FE1FF00000000E3
:100FD000C00FE1FF00000000C00FE1FF00000000B3
:100FE000D00FE1FF00000000D00FE1FF0000000083
:100FF000E00FE1FF00000000E00FE1FF0000000053
:10100000F00FE1FF00000000F00FE1FF0000000022
:101010000010E1FF000000000010E1FF00000000F0
:101020001010E1FF000000001010E1FF00000000C0
:101030002010E1FF000000002010E1FF0000000090
:101040003010E1FF000000003010E1FF0000000060
:101050004010E1FF000000004010E1FF0000000030
:101060005010E1FF000000005010E1FF0000000000
:101070006010E1FF000000006010E1FF00000000D0
:101080007010E1FF000000007010E1FF00000000A0
:101090008010E1FF000000008010E1FF0000000070
:1010A0009010E1FF000000009010E1FF0000000040
:1010B000A010E1FF00000000A010E1FF0000000010
:1010C000B010E1FF00000000B010E1FF00000000E0
:1010D000C010E1FF00000000C010E1FF00000000B0
:1010E000D010E1FF00000000D010E1FF0000000080
:1010F000E010E1FF00000000E010E1FF0000000050
:10110000F010E1FF00000000F010E1FF000000001F
:101110000011E1FF000000000011E1FF00000000ED
:101120001011E1FF000000001011E1FF00000000BD
:101130002011E1FF000000002011E1FF000000008D
:101140003011E1FF000000003011E1FF000000005D
:101150004011E1FF000000004011E1FF000000002D
:101160005011E1FF000000005011E1FF00000000FD
:101170006011E1FF000000006011E1FF00000000CD
:101180007011E1FF000000007011E1FF000000009D
:101190008011E1FF000000008011E1FF000000006D
:1011A0009011E1FF000000009011E1FF000000003D
:1011B000A011E1FF00000000A011E1FF000000000D
:1011C000B011E1FF00000000B011E1FF00000000DD
:1011D000C011E1FF00000000C011E1FF00000000AD
:1011E000D011E1FF00000000D011E1FF000000007D
:1011F000E011E1FF00000000E011E1FF000000004D
:10120000F011E1FF00000000F011E1FF000000001C
:101210000012E1FF000000000012E1FF00000000EA
:101220001012E1FF000000001012E1FF00000000BA
:101230002012E1FF000000002012E1FF000000008A
:101240003012E1FF000000003012E1FF000000005A
:101250004012E1FF000000004012E1FF000000002A
:101260005012E1FF000000005012E1FF00000000FA
:101270006012E1FF000000006012E1FF00000000CA
:101280007012E1FF000000007012E1FF000000009A
:101290008012E1FF000000008012E1FF000000006A
:1012A0009012E1FF000000009012E1FF000000003A
:1012B000A012E1FF00000000A012E1FF000000000A
:1012C000B012E1FF00000000B012E1FF00000000DA
:1012D000C012E1FF00000000C012E1FF00000000AA
:1012E000D012E1FF00000000D012E1FF000000007A
:1012F000E012E1FF00000000E012E1FF000000004A
:10130000F012E1FF00000000F012E1FF0000000019
:101310000013E1FF000000000013E1FF00000000E7
:101320001013E1FF000000001013E1FF00000000B7
:101330002013E1FF000000002013E1FF0000000087
:101340003013E1FF000000003013E1FF0000000057
:101350004013E1FF000000004013E1FF0000000027
:101360005013E1FF000000005013E1FF00000000F7
:101370006013E1FF000000006013E1FF00000000C7
:101380007013E1FF000000007013E1FF0000000097
:101390008013E1FF000000008013E1FF0000000067
:1013A0009013E1FF000000009013E1FF0000000037
:1013B000A013E1FF00000000A013E1FF0000000007
:1013C000B013E1FF00000000B013E1FF00000000D7
:1013D000C013E1FF00000000C013E1FF00000000A7
:1013E000D013E1FF00000000D013E1FF0000000077
:1013F000E013E1FF00000000E013E1FF0000000047
:10140000F013E1FF00000000F013E1FF0000000016
:101410000014E1FF000000000014E1FF00000000E4
:101420001014E1FF000000001014E1FF00000000B4
:101430002014E1FF000000002014E1FF0000000084
:101440003014E1FF000000003014E1FF0000000054
:101450004014E1FF000000004014E1FF0000000024
:101460005014E1FF000000005014E1FF00000000F4
:101470006014E1FF000000006014E1FF00000000C4
:101480007014E1FF000000007014E1FF0000000094
:101490008014E1FF000000008014E1FF0000000064
:1014A0009014E1FF000000009014E1FF0000000034
:1014B000A014E1FF00000000A014E1FF0000000004
:1014C000B014E1FF00000000B014E1FF00000000D4
:1014D000C014E1FF00000000C014E1FF00000000A4
:1014E000D014E1FF00000000D014E1FF0000000074
:1014F000E014E1FF00000000E014E1FF0000000044
:10150000F014E1FF00000000F014E1FF0000000013
:101510000015E1FF000000000015E1FF00000000E1
:101520001015E1FF000000001015E1FF00000000B1
:101530002015E1FF000000002015E1FF0000000081
:101540003015E1FF000000003015E1FF0000000051
:101550004015E1FF000000004015E1FF0000000021
:101560005015E1FF000000005015E1FF00000000F1
:101570006015E1FF000000006015E1FF00000000C1
:101580007015E1FF000000007015E1FF0000000091
:101590008015E1FF000000008015E1FF0000000061
:1015A0009015E1FF000000009015E1FF0000000031
:1015B000A015E1FF00000000A015E1FF0000000001
:1015C000B015E1FF00000000B015E1FF00000000D1
:1015D000C015E1FF00000000C015E1FF00000000A1
:1015E000D015E1FF00000000D015E1FF0000000071
:1015F000E015E1FF00000000E015E1FF0000000041
:10160000F015E1FF00000000F015E1FF0000000010
:101610000016E1FF000000000016E1FF00000000DE
:101620001016E1FF000000001016E1FF00000000AE
:101630002016E1FF000000002016E1FF000000007E
:101640003016E1FF000000003016E1FF000000004E
:101650004016E1FF000000004016E1FF000000001E
:101660005016E1FF000000005016E1FF00000000EE
:101670006016E1FF000000006016E1FF00000000BE
:101680007016E1FF000000007016E1FF000000008E
:101690008016E1FF000000008016E1FF000000005E
:1016A0009016E1FF000000009016E1FF000000002E
:1016B000A016E1FF00000000A016E1FF00000000FE
:1016C000B016E1FF00000000B016E1FF00000000CE
:1016D000C016E1FF00000000C016E1FF000000009E
:1016E000D016E1FF00000000D016E1FF000000006E
:1016F000E016E1FF00000000E016E1FF000000003E
:10170000F016E1FF00000000F016E1FF000000000D
:101710000017E1FF000000000017E1FF00000000DB
:101720001017E1FF000000001017E1FF00000000AB
:101730002017E1FF000000002017E1FF000000007B
:101740003017E1FF000000003017E1FF000000004B
:101750004017E1FF000000004017E1FF000000001B
:101760005017E1FF000000005017E1FF00000000EB
:101770006017E1FF000000006017E1FF00000000BB
:101780007017E1FF000000007017E1FF000000008B
:101790008017E1FF000000008017E1FF000000005B
:1017A000FFFFFFFFFFFFFFFF00000200000000003F
:1017B0006573657269616C30000000000000000014
:1017C0004897E0FF0000000000000000000000005B
:1017D0008C97E0FF00000000D497E0FF00000000BD
:1017E000C897E0FF000000006498E0FF00000000E0
:1017F0003498E0FF0000000000000000000000003E
:101800000C0A03000D0903000D0A03000E09030072
:101810000E0A03000F0A03000E0B03000F0B030058
:10182000100A0300100B03000F0C03000E0A030143
:101830000E0A04010F0A03010F0A0401100A030132
:10184000100A0401110A0301110A0401000000003A
:101850000000000000000000000000000000000088
:101860000000000000000000000000000000000078
:101870000000000000000000000000000000000068
:101880000000000000000000000000000000000058
:101890000000000000000000000000000000000048
:1018A0000000000000000000000000000000000038
:1018B0000000000000000000000000000000000028
:1018C0000000000000000000000000000000000018
:1018D0000000000000000000000000000000000008
:1018E00000000000000000000000000000000000F8
:1018F00000000000000000000000000000000000E8
:1019000000000000000000000000000000000000D7
:1019100000000000000000000000000000000000C7
:1019200000000000000000000000000000000000B7
:1019300000000000000000000000000000000000A7
:101940000000000000000000000000000000000097
:101950000000000000000000000000000000000087
:101960000000000000000000000000000000000077
:101970000000000000000000000000000000000067
:101980000000000000000000000000000000000057
:101990000000000000000000000000000000000047
:1019A0000000000000000000000000000000000037
:1019B0000000000000000000000000000000000027
:1019C0000000000000000000000000000000000017
:1019D0000000000000000000000000000000000007
:1019E00000000000000000000000000000000000F7
:1019F00000000000000000000000000000000000E7
:101A000000000000000000000000000000000000D6
:101A100000000000000000000000000000000000C6
:101A200000000000000000000000000000000000B6
:101A300000000000000000000000000000000000A6
:101A40000000000000000000000000000000000096
:101A50000000000000000000000000000000000086
:101A60000000000000000000000000000000000076
:101A70000000000000000000000000000000000066
:101A80000000000000000000000000000000000056
:101A90000000000000000000000000000000000046
:101AA0000000000000000000000000000000000036
:101AB0000000000000000000000000000000000026
:101AC0000000000000000000000000000000000016
:101AD0000000000000000000000000000000000006
:101AE00000000000000000000000000000000000F6
:101AF00000000000000000000000000000000000E6
:101B000000000000000000000000000000000000D5
:101B100000000000000000000000000000000000C5
:101B200000000000000000000000000000000000B5
:101B300000000000000000000000000000000000A5
:101B40000000000000000000000000000000000095
:101B50000000000000000000000000000000000085
:101B60000000000000000000000000000000000075
:101B70000000000000000000000000000000000065
:101B80000000000000000000000000000000000055
:101B90000000000000000000000000000000000045
:101BA0000000000000000000000000000000000035
:101BB0000000000000000000000000000000000025
:101BC0000000000000000000000000000000000015
:101BD0000000000000000000000000000000000005
:101BE00000000000000000000000000000000000F5
:101BF00000000000000000000000000000000000E5
:101C000000000000000000000000000000000000D4
:101C100000000000000000000000000000000000C4
:101C200000000000000000000000000000000000B4
:101C300000000000000000000000000000000000A4
:101C40000000000000000000000000000000000094
:101C50000000000000000000000000000000000084
:101C60000000000000000000000000000000000074
:101C70000000000000000000000000000000000064
:101C80000000000000000000000000000000000054
:101C90000000000000000000000000000000000044
:101CA0000000000000000000000000000000000034
:101CB0000000000000000000000000000000000024
:101CC0000000000000000000000000000000000014
:101CD0000000000000000000000000000000000004
:101CE00000000000000000000000000000000000F4
:101CF00000000000000000000000000000000000E4
:101D000000000000000000000000000000000000D3
:101D100000000000000000000000000000000000C3
:101D200000000000000000000000000000000000B3
:101D300000000000000000000000000000000000A3
:101D40000000000000000000000000000000000093
:101D50000000000000000000000000000000000083
:101D60000000000000000000000000000000000073
:101D70000000000000000000000000000000000063
:101D80000000000000000000000000000000000053
:101D90000000000000000000000000000000000043
:101DA0000000000000000000000000000000000033
:101DB0000000000000000000000000000000000023
:101DC0000000000000000000000000000000000013
:101DD0000000000000000000000000000000000003
:101DE00000000000000000000000000000000000F3
:101DF00000000000000000000000000000000000E3
:101E000000000000000000000000000000000000D2
:101E100000000000000000000000000000000000C2
:101E200000000000000000000000000000000000B2
:101E300000000000000000000000000000000000A2
:101E40000000000000000000000000000000000092
:101E50000000000000000000000000000000000082
:101E60000000000000000000000000000000000072
:101E70000000000000000000000000000000000062
:101E80000000000000000000000000000000000052
:101E90000000000000000000000000000000000042
:101EA0000000000000000000000000000000000032
:101EB0000000000000000000000000000000000022
:101EC0000000000000000000000000000000000012
:101ED0000000000000000000000000000000000002
:101EE00000000000000000000000000000000000F2
:101EF00000000000000000000000000000000000E2
:101F000000000000000000000000000000000000D1
:101F100000000000000000000000000000000000C1
:101F200000000000000000000000000000000000B1
:101F300000000000000000000000000000000000A1
:101F40000000000000000000000000000000000091
:101F50000000000000000000000000000000000081
:101F60000000000000000000000000000000000071
:101F70000000000000000000000000000000000061
:101F80000000000000000000000000000000000051
:101F90000000000000000000000000000000000041
:101FA0000000000000000000000000000000000031
:101FB0000000000000000000000000000000000021
:101FC0000000000000000000000000000000000011
:101FD0000000000000000000000000000000000001
:101FE00000000000000000000000000000000000F1
:101FF00000000000000000000000000000000000E1
:1020000000000000000000000000000000000000D0
:1020100000000000000000000000000000000000C0
:1020200000000000000000000000000000000000B0
:1020300000000000000000000000000000000000A0
:102040000000000000000000000000000000000090
:102050000000000000000000000000000000000080
:102060000000000000000000000000000000000070
:102070000000000000000000000000000000000060
:102080000000000000000000000000000000000050
:102090000000000000000000000000000000000040
:1020A0000000000000000000000000000000000030
:1020B0000000000000000000000000000000000020
:1020C0000000000000000000000000000000000010
:1020D0000000000000000000000000000000000000
:1020E00000000000000000000000000000000000F0
:1020F00000000000000000000000000000000000E0
:1021000000000000000000000000000000000000CF
:1021100000000000000000000000000000000000BF
:1021200000000000000000000000000000000000AF
:10213000000000000000000000000000000000009F
:10214000000000000000000000000000000000008F
:10215000000000000000000000000000000000007F
:10216000000000000000000000000000000000006F
:10217000000000000000000000000000000000005F
:10218000000000000000000000000000000000004F
:10219000000000000000000000000000000000003F
:1021A0000000000000000000560BE1FF00000000EE
:1021B0000200000001000000FC0FE0FF0000000032
:1021C0005D0BE1FF000000007D0BE1FF000000005F
:1021D0000000000000000000920AE1FF0000000083
:1021E0004000000001000000B803E0FF0000000014
:1021F0008A0AE1FF000000006101E1FF0000000029
:1022000000000000000000008F0EE1FF0000000051
:102210003A0000000000000070F1E0FF0000000044
:102220000000000000000000F8B5E0FF0000000022
:10223000000000000000000000000000000000009E
:102240009CB4E0FF0000000000000000000000005F
:10225000000000000000000000000000000000007E
:1022600050000000380000000000000000000000E6
:1022700090F1E0FF000000000000000000000000FE
:10228000A80EE1FF000000003A000000000000007E
:10229000C0F2E0FF000000000000000000000000AD
:1022A00004C4E0FF00000000000000000000000087
:1022B0000000000000000000ACC3E0FF00000000D0
:1022C000000000000000000000000000000000000E
:1022D00000000000000000004000000010000000AE
:1022E0000000000000000000E0F2E0FF000000003D
:1022F00000000000000000007B0CE1FF0000000077
:1023000022000000000000000000000000000000AB
:1023100000000000000000000000000000000000BD
:1023200000000000000000000000000000000000AD
:10233000000000000000000000000000000000009D
:10234000000000000000000000000000000000008D
:10235000000000000000000000000000000000007D
:10236000000000000000000000000000000000006D
:10237000E402E1FF000000000D000000000000008A
:10238000000000000000000000000000000000004D
:10239000748AE0FF00000000000000000000000060
:1023A000000000000000000000000000000000002D
:1023B000000000000000000000000000000000001D
:1023C000000000000000000000000000000000000D
:1023D000000000000000000048F3E0FF00000000E3
:1023E00000000000000000003C0CE1FF00000000C5
:1023F00000000000000000000000000000000000DD
:1024000000000000000000000000000000000000CC
:1024100000000000000000000000000000000000BC
:1024200000000000000000000000000000000000AC
:10243000000000000000000000000000000000009C
:102440000800000000000000000000000000000084
:10245000000000000000000000000000000000007C
:10246000480CE1FF000000000A000000000000002E
:1024700018F3E0FF00000000000000000000000072
:10248000000000000000000000000000000000004C
:10249000000000000000000000000000000000003C
:1024A000000000000000000000000000000000002C
:1024B000000000000000000000000000000000001C
:1024C000000000000000000000000000000000000C
:1024D0000000000000000000710CE1FF000000009F
:1024E000220000000000000078F3E0FF0000000080
:1024F0009096E0FF000000001C96E0FF0000000046
:1025000000000000000000000000000000000000CB
:102510000C95E0FF0000000000000000000000003B
:1025200000000000000000000000000000000000AB
:102530007000000008010000000000000000000022
:10254000A0F2E0FF0000000000000000000000001A
:10255000940CE1FF000000003C00000000000000BF
:1025600078F9E0FF0000000000000000000000001B
:10257000989AE0FF0000000000000000000000004A
:10258000000000000000000000000000000000004B
:10259000000000000000000000000000000000003B
:1025A00000000000000000005800000000000000D3
:1025B000000000000000000098F9E0FF00000000AB
:1025C0000000000000000000730EE1FF00000000AA
:1025D0003D000000000000000000000000000000BE
:1025E00000000000000000000000000000000000EB
:1025F00000000000000000000000000000000000DB
:1026000000000000000000000000000000000000CA
:1026100000000000000000000000000000000000BA
:1026200000000000000000000000000000000000AA
:10263000000000000000000000000000000000009A
:10264000330CE1FF00000000020000000800000061
:102650002864E0FF0000000000000000000000000F
:102660005C61E0FF00000000130CE1FF00000000CF
:1026700001000000000000007030E0FF00000000DA
:102680000E0CE1FF0000000002000000000000004E
:102690007030E0FF00000000070CE1FF00000000C8
:1026A00003000000000000007030E0FF00000000A8
:1026B0001C0CE1FF00000000000000000000000012
:1026C0000034E0FF00000000180CE1FF00000000F3
:1026D00008000000000000004C33E0FF0000000094
:1026E000E802E1FF000000000D0000000000000013
:1026F00000000000000000000000000000000000DA
:1027000000000000000000000000000000000000C9
:1027100000000000000000000000000000000000B9
:1027200000000000000000000000000000000000A9
:102730000000000000000000000000000000000099
:102740007800000000000000000000000000000011
:102750000000000000000000000000000000000079
:102760007B0CE1FF000000002200000000000000E0
:102770000000000000000000000000000000000059
:102780000000000000000000000000000000000049
:102790000000000000000000000000000000000039
:1027A0000000000000000000000000000000000029
:1027B0000000000000000000000000000800000011
:1027C0000000000000000000000000000000000009
:1027D00000000000000000000100000000000000F8
:1027E000370CE1FF000000000000000000000000C6
:1027F00000000000000000000000000000000000D9
:1028000000000000000000000000000000000000C8
:1028100000000000000000000000000000000000B8
:1028200000000000000000000000000000000000A8
:102830000000000000000000000000000000000098
:102840000000000000000000000000000000000088
:102850000000000000000000000000000000000078
:10286000500CE1FF000000000A0000000000000022
:102870003475E0FF000000000000000000000000D0
:102880000000000000000000000000000000000048
:102890000000000000000000000000000000000038
:1028A0000000000000000000000000000000000028
:1028B0000000000000000000000000000000000018
:1028C0000C000000000000000000000000000000FC
:1028D00000000000000000000000000000000000F8
:1028E000970EE1FF000000003A0000000000000029
:1028F0005C6FE0FF0000000000000000000000002E
:1029000000000000000000006CABE0FF00000000D1
:10291000000000000000000008B0E0FF0000000020
:1029200020ABE0FF000000000000000000000000FD
:102930000000000000000000000000000400000093
:1029400000000000300000000C000000000000004B
:102950000000000000000000010000000000000076
:102960006807E1FF000000003C00000000000000DC
:102970006899E0FF00000000000000000000000077
:102980000000000000000000000000000000000047
:102990000000000000000000000000000000000037
:1029A0000000000000000000000000000000000027
:1029B00000000000000000000000000058000000BF
:1029C0000000000000000000000000000000000007
:1029D00000000000000000000000000000000000F7
:1029E000830EE1FF000000003D0000000000000039
:1029F00000000000000000000000000000000000D7
:102A000000000000000000000000000000000000C6
:102A100000000000000000000000000000000000B6
:102A200000000000000000000000000000000000A6
:102A30000000000000000000000000000000000096
:102A40000000000000000000000000000000000086
:102A50000000000000000000000000000000000076
:102A6000D00DFEED000005FA0000003800000490D3
:102A7000000000280000001100000010000000000D
:102A80000000016A0000045800000000000000007F
:102A90000000000000000000000000010000000035
:102AA000000000030000000400000000000000021D
:102AB00000000003000000040000000F00000001FF
:102AC000000000030000002D0000001B496E74652B
:102AD0006C20534F434650474120537472617469D0
:102AE0007820313020536F4320446576656C6F70D9
:102AF0006D656E74204B69740000000000000003D7
:102B00000000002400000021616C74722C736F635C
:102B1000667067612D737472617469783130006119
:102B20006C74722C736F6366706761000000000143
:102B300063686F73656E00000000000300000015FD
:102B40000000002C636F6E736F6C653D7474795375
:102B5000302C3131353230300000000000000002EE
:102B600000000001616C696173657300000000037F
:102B700000000012000000352F736F632F7370691F
:102B800040666638643230303000000000000002D9
:102B900000000001736F63000000000300000004E8
:102BA000000000000000000200000003000000041C
:102BB0000000000F00000001000000030000000BF7
:102BC0000000002173696D706C652D6275730000E3
:102BD00000000003000000040000003A736F63006F
:102BE0000000000300000000000000460000000399
:102BF000000000000000004D0000000164776D6DD2
:102C0000633040307866663830383030300000004D
:102C1000000000030000001500000021616C7472C8
:102C20002C736F63667067612D64772D6D736863B5
:102C300000000000000000030000000C0000006124
:102C400000000000FF808000000010000000000372
:102C50000000000C000000650000000000000060A3
:102C600000000004000000030000000400000070E9
:102C70000000000100000003000000000000007AD6
:102C800000000003000000040000008400000004B5
:102C900000000003000000040000008E000004009B
:102CA0000000000300000000000000990000000385
:102CB00000000000000000AB000000030000000462
:102CC000000000BC0000000300000003000000043E
:102CD000000000C300000000000000030000000529
:102CE000000000CB6F6B6179000000000000000362
:102CF000000000000000004D000000030000000480
:102D0000000000D2000000020000000300000004E8
:102D1000000000DE000000020000000200000001D0
:102D200073706940666638643230303000000000ED
:102D3000000000030000000400000000000000018B
:102D400000000003000000040000000F000000006D
:102D5000000000030000000D0000002163616465B5
:102D60006E63652C71737069000000000000000341
:102D7000000000180000006100000000FF8D20002E
:102D80000000010000000000FF90000000100000A3
:102D9000000000030000000C0000006500000000BF
:102DA00000000062000000040000000300000004B6
:102DB000000000EB0000040000000003000000041D
:102DC000000000F500000000000000030000000407
:102DD000000000FD02FAF080000000030000000483
:102DE0000000010F000000010000000300000004CB
:102DF00000000120000000040000000300000005A6
:102E0000000000CB6F6B6179000000000000000340
:102E1000000000000000004D000000016D7432351C
:102E20007175303167403000000000030000000081
:102E30000000004D000000030000001B0000002106
:102E40006D6963726F6E2C6D7432357175303167D8
:102E5000007370692D666C617368000000000003E8
:102E600000000004000000610000000000000003FA
:102E700000000004000000FD017D78400000000318
:102E80000000000400000131000001000000000308
:102E9000000000040000013B0000001000000003DF
:102EA00000000004000001460000003200000003A2
:102EB000000000040000014F000000320000000389
:102EC000000000040000015800000004000000039E
:102ED0000000000400000161000000040000000286
:102EE00000000002000000020000000200000009D3
:102EF00023616464726573732D63656C6C73002366
:102F000073697A652D63656C6C73006D6F64656CB5
:102F100000636F6D70617469626C6500626F6F74DD
:102F20006172677300737069300064657669636508
:102F30005F747970650072616E67657300752D62EC
:102F40006F6F742C646D2D7072652D72656C6F637C
:102F50000072656700696E746572727570747300D3
:102F60006E756D2D736C6F74730062726F6B656E2E
:102F70002D6364006275732D7769647468006669F7
:102F8000666F2D6465707468006361702D6D6D638C
:102F90002D686967687370656564006361702D737F
:102FA000642D686967687370656564006472767320
:102FB000656C00736D706C73656C0073746174750F
:102FC0007300766D6D632D737570706C790076711A
:102FD0006D6D632D737570706C79007372616D2DFA
:102FE00073697A65006275732D6E756D0073706913
:102FF0002D6D61782D6672657175656E63790073EC
:1030000070692D74782D6275732D7769647468000A
:103010007370692D72782D6275732D776964746889
:1030200000706167652D73697A6500626C6F636B10
:103030002D73697A6500747368736C2D6E730074F8
:10304000736432642D6E730074636873682D6E73DD
:0A3050000074736C63682D6E73004A
:04000005FFE0000018
:00000001FF
          